city,country,region,latitude,longitude,cost_per_day_usd,avg_temp_c,beach,culture,nature,nightlife,food,adventure,relaxation,popularity,safety,temp_month_1,temp_month_2,temp_month_3,temp_month_4,temp_month_5,temp_month_6,temp_month_7,temp_month_8,temp_month_9,temp_month_10,temp_month_11,temp_month_12,source_dataset,description
Jerusalem,Israel,middle_east,31.7683,35.2137,155,18.1,2,10,6,5,9,6,6,10,7,9.0,9.9,12.7,17.3,21.3,23.9,25.6,25.3,23.7,20.6,16.1,11.4,voyagematch_curated_israel,"Ancient streets, sacred landmarks, lively markets, and layered neighborhoods create an intense cultural journey through thousands of years of history."
Tel Aviv,Israel,middle_east,32.0853,34.7818,175,20.8,10,7,5,10,10,7,8,10,7,13.4,13.7,16.0,18.9,22.2,25.0,27.3,27.8,26.6,23.9,19.8,15.6,voyagematch_curated_israel,"Mediterranean beaches, Bauhaus architecture, energetic nightlife, and a celebrated food scene give the city a relaxed but fast-moving coastal character."
Haifa,Israel,middle_east,32.794,34.9896,135,19.6,7,8,9,5,8,7,8,8,8,12.6,12.7,14.7,17.2,20.3,23.1,25.7,26.3,25.4,23.0,19.0,14.8,voyagematch_curated_israel,"Green slopes descend toward the Mediterranean, combining the Bahai Gardens, diverse neighborhoods, beaches, and easy access to northern landscapes."
Eilat,Israel,middle_east,29.5577,34.9519,165,25.1,10,4,8,7,8,10,9,9,8,15.5,16.7,20.2,24.8,28.8,31.8,33.5,33.1,30.6,26.7,22.0,17.4,voyagematch_curated_israel,"Red Sea coral reefs, desert mountains, warm weather, and water activities make Eilat a bright escape for beaches, diving, and outdoor adventure."
Tiberias,Israel,middle_east,32.7959,35.5312,120,22.5,5,8,8,4,8,7,8,7,7,13.8,14.2,16.9,20.9,25.1,28.0,30.0,30.2,28.8,25.8,20.8,16.0,voyagematch_curated_israel,"Set beside the Sea of Galilee, Tiberias offers lakeside relaxation, religious history, warm springs, and a useful base for exploring northern Israel."
Nazareth,Israel,middle_east,32.6996,35.3035,110,19.1,1,10,7,3,9,5,7,8,8,10.9,11.3,13.9,17.6,21.3,23.9,26.1,26.3,24.9,22.1,17.8,13.1,voyagematch_curated_israel,"Historic churches, a traditional old city, market lanes, and distinctive Arab cuisine make Nazareth a strong destination for culture and local food."
Ein Gedi,Israel,middle_east,31.45,35.3833,145,25.4,2,6,10,1,6,9,9,7,8,16.2,16.9,20.1,24.8,28.7,31.2,33.3,32.9,31.1,27.8,23.0,18.4,voyagematch_curated_israel,"A desert oasis near the Dead Sea, Ein Gedi combines canyon hikes, waterfalls, wildlife, dramatic landscapes, and quiet restorative time."
Milan,Italy,europe,45.4641943,9.1896346,240,14.75,2,10,4,8,10,4,6,10,7,3.7,7.1,10.5,13.8,17.9,23.5,25.8,25.2,20.8,15.2,8.8,4.7,kaggle_worldwide_travel_cities,"Chic streets lined with fashion boutiques, historic architecture, and lively piazzas create a sophisticated yet welcoming atmosphere, perfect for leisurely exploration."
Yasawa Islands,Fiji,oceania,-17.2909471,177.12578580330327,240,26.974999999999998,10,4,10,4,6,8,8,2,7,28.0,28.0,26.9,28.0,27.4,26.2,26.1,25.5,26.3,26.0,27.1,28.2,kaggle_worldwide_travel_cities,"Crystal-clear waters, secluded beaches, and vibrant coral reefs create a serene paradise perfect for unwinding and immersing in natural beauty."
Whistler,Canada,north_america,50.1171903,-122.9543022,240,6.808333333333333,4,6,10,6,6,10,8,4,7,-2.5,-1.8,0.2,4.6,9.0,14.1,18.2,17.8,14.5,7.6,1.8,-1.8,kaggle_worldwide_travel_cities,"Snow-capped peaks and lush forests create a serene escape, where outdoor adventures meet cozy village vibes and crisp mountain air."
Guanajuato,Mexico,north_america,20.9876996,-101.0,135,19.533333333333335,2,10,6,6,8,6,6,8,7,15.5,17.2,20.3,23.1,23.3,22.2,20.7,20.6,19.9,19.0,17.7,14.9,kaggle_worldwide_travel_cities,"Winding cobblestone streets and colorful facades create a charming, vibrant atmosphere, where history and lively festivals fill the air with excitement."
Surabaya,Indonesia,asia,-7.2459717,112.7378266,70,28.758333333333336,4,8,6,6,8,6,6,8,7,28.1,27.8,28.3,29.0,29.3,28.7,28.2,28.4,29.2,29.8,29.6,28.7,kaggle_worldwide_travel_cities,"Bustling streets filled with the aroma of local spices, vibrant markets, and a rich cultural tapestry invite exploration and discovery."
Nuuk,Greenland,north_america,64.1766835,-51.7359356,240,0.0,4,6,10,4,6,8,4,4,7,-7.0,-8.9,-6.8,-1.7,1.0,5.0,7.9,7.4,4.3,0.1,-3.2,-4.9,kaggle_worldwide_travel_cities,"Rugged landscapes meet the calm of icy fjords, where the crisp air and vibrant local culture create a unique Arctic charm."
Windhoek,Namibia,africa,-22.53356015,17.045477525861745,135,21.01666666666667,2,6,8,6,6,8,6,6,7,23.9,23.7,22.5,20.5,18.3,14.8,15.0,17.9,21.8,24.3,24.9,24.6,kaggle_worldwide_travel_cities,"A blend of modernity and tradition, with bustling markets, German colonial architecture, and the vast Namibian landscape providing a unique backdrop."
Kingston,Jamaica,north_america,17.9712148,-76.7928128,135,28.400000000000006,6,8,6,8,8,6,6,6,7,27.0,26.8,27.3,27.9,28.7,29.5,29.8,29.8,29.6,28.8,28.0,27.6,kaggle_worldwide_travel_cities,"Vibrant streets pulse with reggae rhythms, while lush hills and beaches offer a serene escape, creating a captivating blend of energy and tranquility."
Nafplio,Greece,europe,37.5659229,22.8068782,135,17.55,6,8,8,6,8,6,6,6,7,8.0,8.7,11.4,15.2,20.3,25.5,28.3,27.9,23.6,18.5,13.7,9.5,kaggle_worldwide_travel_cities,"Charming cobblestone streets, vibrant bougainvillea, and the gentle sea breeze create a serene atmosphere perfect for leisurely exploration and relaxation."
Tbilisi,Georgia,asia,41.6934591,44.8014495,70,14.491666666666667,2,8,6,6,8,6,6,6,7,3.5,5.1,8.7,13.9,18.1,23.6,25.8,26.0,21.0,14.8,8.9,4.5,kaggle_worldwide_travel_cities,"Cobblestone streets wind through eclectic neighborhoods, where vibrant markets and ancient architecture create a welcoming blend of history and modern charm."
Heidelberg,Germany,europe,49.4093582,8.694724,135,11.816666666666665,2,10,8,6,8,4,6,6,7,3.1,5.0,7.1,9.2,14.8,20.3,20.8,21.0,17.1,12.7,6.6,4.1,kaggle_worldwide_travel_cities,"Cobblestone streets lined with charming old buildings and the gentle flow of the Neckar River create an inviting, romantic atmosphere."
Hobart,Australia,oceania,-42.8825088,147.3281233,135,12.241666666666667,6,8,10,4,8,6,6,6,7,16.8,16.4,15.0,12.8,10.4,8.8,8.5,9.2,10.1,11.5,12.9,14.5,kaggle_worldwide_travel_cities,"Charming waterfront views and a laid-back vibe invite exploration through historic streets, bustling markets, and the surrounding natural beauty of rugged landscapes."
Nagasaki,Japan,asia,33.1154683,129.7874339,135,17.666666666666668,4,8,6,6,8,4,6,6,7,7.6,8.4,11.8,15.9,19.8,23.1,26.9,28.4,25.2,20.3,15.1,9.5,kaggle_worldwide_travel_cities,"Steeped in history and surrounded by lush hills, this city offers a poignant mix of serene gardens and vibrant cultural experiences."
Utrecht,Netherlands,europe,52.0907006,5.1215634,135,11.174999999999999,2,8,6,8,8,4,6,8,7,4.3,5.1,6.7,9.5,13.8,17.4,18.4,18.4,15.3,11.8,7.5,5.9,kaggle_worldwide_travel_cities,"Charming canals lined with cozy cafés and historic buildings create a warm, inviting atmosphere perfect for leisurely strolls and quiet exploration."
Bagan,Myanmar,asia,21.1317111,94.8623644,70,26.425,2,10,8,2,6,6,4,4,7,21.4,24.6,28.4,31.3,30.1,28.0,27.5,27.1,27.0,26.2,24.0,21.5,kaggle_worldwide_travel_cities,"Ancient temples rise from misty plains, where the golden glow of sunrise paints a serene landscape that feels both timeless and mystical."
Malmö,Sweden,europe,55.6052931,13.0001566,135,9.925,6,8,6,6,8,6,6,8,7,2.4,2.6,4.5,7.4,12.9,17.0,18.0,18.1,15.1,10.7,6.4,4.0,kaggle_worldwide_travel_cities,"Charming canals, innovative architecture, and a laid-back vibe make it perfect for leisurely strolls and exploring vibrant cultural scenes."
Amsterdam,Netherlands,europe,52.3730796,4.8924534,135,11.391666666666666,4,10,6,10,8,6,6,10,7,4.6,5.2,7.4,9.6,13.8,17.2,18.4,18.7,15.6,12.2,7.9,6.1,kaggle_worldwide_travel_cities,"Charming canals wind through vibrant neighborhoods, where historic architecture meets cozy cafés and the air buzzes with a creative energy."
New York,United States,north_america,40.7127281,-74.0060152,240,13.766666666666667,4,10,6,10,10,6,6,10,7,1.3,3.0,6.6,12.0,17.5,22.5,26.1,25.2,21.7,15.6,9.3,4.4,kaggle_worldwide_travel_cities,"The city buzzes with energy, offering iconic skylines, diverse cultures, and a sensory overload of sights, sounds, and tastes at every corner."
Chicago,United States,north_america,41.8755616,-87.6244212,240,11.850000000000001,4,10,6,10,10,6,6,10,7,-2.5,-0.9,4.3,10.3,17.0,22.7,24.9,24.2,21.2,13.6,6.3,1.1,kaggle_worldwide_travel_cities,"Dynamic streets filled with diverse food, vibrant arts, and stunning architecture create a lively yet welcoming urban atmosphere by the lake."
Raleigh,United States,north_america,35.7803977,-78.6390989,135,16.783333333333335,4,8,8,6,8,6,6,8,7,5.7,8.5,12.0,16.5,20.8,25.0,27.0,26.1,23.0,17.3,11.2,8.3,kaggle_worldwide_travel_cities,"Tree-lined streets and historic architecture mix with modern art scenes and vibrant food markets, offering a warm, welcoming southern charm."
Trondheim,Norway,europe,63.4304475,10.3952118,240,6.449999999999999,4,8,8,6,6,6,6,6,7,-0.8,-0.4,1.4,4.6,9.9,13.5,15.1,14.5,11.5,6.3,1.8,0.0,kaggle_worldwide_travel_cities,"Charming wooden houses, crisp Nordic air, and a vibrant student atmosphere create a cozy yet lively vibe that's both welcoming and invigorating."
Bruges,Belgium,europe,51.2085526,3.226772,135,11.516666666666667,2,10,6,6,8,4,6,6,7,5.4,5.7,7.7,9.7,12.9,16.3,18.1,18.4,15.9,12.9,8.8,6.4,kaggle_worldwide_travel_cities,"Cobblestone streets lined with medieval architecture and the aroma of fresh waffles create a charming and nostalgic atmosphere, perfect for leisurely exploration."
Reykjavik,Iceland,europe,64.145981,-21.9422367,240,5.3,4,6,10,6,6,8,8,6,7,0.1,1.0,1.6,4.3,6.9,9.7,11.6,11.2,8.6,5.5,2.7,0.4,kaggle_worldwide_travel_cities,"Colorful rooftops, crisp sea air, and the allure of geothermal pools create a unique blend of natural beauty and urban charm."
Seoul,South Korea,asia,37.5666791,126.9782914,135,13.566666666666668,4,10,6,10,10,6,8,10,7,-1.5,1.1,7.6,13.7,18.8,23.4,26.6,27.0,22.7,15.4,7.9,0.1,kaggle_worldwide_travel_cities,"A dynamic blend of futuristic skyscrapers and ancient palaces, bustling markets, and tranquil parks, creating an energetic yet harmonious urban experience."
Ankara,Turkey,asia,39.9207759,32.8540497,135,13.566666666666665,2,8,6,6,8,4,6,8,7,2.0,4.5,7.7,12.7,16.8,21.0,24.8,25.4,20.6,14.7,8.6,4.0,kaggle_worldwide_travel_cities,"A blend of modern and historic vibes, offering bustling markets, serene parks, and a rich tapestry of cultural experiences."
Kyoto,Japan,asia,35.0115754,135.7681441,240,16.916666666666668,2,10,8,4,10,4,6,6,7,5.2,6.2,10.2,15.4,20.2,23.6,28.0,29.1,25.3,18.9,13.3,7.6,kaggle_worldwide_travel_cities,"Serene temples and vibrant gardens blend with the gentle rustle of bamboo forests, creating a tranquil yet deeply enriching experience."
Tampa,United States,north_america,27.9477595,-82.458444,135,23.850000000000005,8,6,8,8,8,6,6,6,7,16.4,19.4,21.5,24.0,26.4,28.1,28.6,28.8,27.3,25.0,21.6,19.1,kaggle_worldwide_travel_cities,"Sun-drenched streets, vibrant waterfronts, and a lively cultural scene create an inviting mix of relaxation and adventure for visitors."
Dublin,Ireland,europe,53.3493795,-6.2605593,135,9.991666666666667,4,8,6,8,8,4,6,8,7,5.4,6.0,6.5,7.9,11.3,13.9,15.4,15.1,13.2,10.8,7.7,6.7,kaggle_worldwide_travel_cities,"Charming cobblestone streets, lively pubs filled with music, and a rich tapestry of history create a welcoming and vibrant atmosphere."
Washington,United States,north_america,38.8950368,-77.0365427,135,15.625000000000002,2,10,6,8,8,4,6,10,7,3.3,5.2,9.3,14.9,19.7,24.8,27.5,26.4,23.0,16.8,10.4,6.2,kaggle_worldwide_travel_cities,"Majestic landscapes blend with vibrant city life, offering a mix of natural beauty, cultural richness, and a welcoming atmosphere."
Livingstone,Zambia,africa,-17.853135,25.861429,135,23.166666666666668,4,6,10,4,6,10,6,4,7,23.8,24.6,24.5,23.3,20.3,17.6,16.9,21.0,25.2,28.0,27.0,25.8,kaggle_worldwide_travel_cities,"Feel the rush of cascading waterfalls and the thrill of wildlife encounters, all amidst a backdrop of vibrant sunsets and warm local hospitality."
Kraków,Poland,europe,50.0619474,19.9368564,135,9.883333333333331,2,10,6,8,8,4,6,8,7,-0.4,1.6,4.3,9.1,13.9,19.1,20.0,20.0,15.1,9.8,4.6,1.5,kaggle_worldwide_travel_cities,"Cobblestone streets lead to vibrant squares filled with the buzz of locals and tourists alike, offering a blend of history and lively culture."
Petra,Jordan,middle_east,30.3258363,35.4745669,135,19.925,2,10,8,2,6,8,4,2,7,9.5,10.9,14.0,19.4,24.0,27.1,28.7,28.6,26.8,22.4,15.9,11.8,kaggle_worldwide_travel_cities,"Wandering through ancient canyons, you'll feel the echoes of history in the rose-red stone, with every step revealing stunning, time-worn architecture."
Athens,Greece,europe,37.9755648,23.7348324,135,19.383333333333336,6,10,6,8,10,6,6,8,7,10.6,11.3,13.1,17.2,21.3,26.1,29.5,29.2,25.1,20.4,16.4,12.4,kaggle_worldwide_travel_cities,"Ancient ruins stand proudly against a backdrop of vibrant street life and bustling markets, where history and modernity create an electrifying blend."
Malé,Maldives,asia,4.1779879,73.5107387,135,29.158333333333335,10,4,10,4,6,6,8,6,7,28.6,29.0,29.6,30.2,29.7,29.7,29.3,29.1,28.8,28.7,28.6,28.6,kaggle_worldwide_travel_cities,"Vibrant markets, azure waters, and the gentle hum of island life create an inviting atmosphere that feels both exotic and familiar."
Austin,United States,north_america,30.2711286,-97.7436995,135,21.316666666666666,2,8,6,10,10,6,6,8,7,10.8,12.9,17.5,20.9,24.8,28.6,30.2,30.3,27.7,22.4,16.5,13.2,kaggle_worldwide_travel_cities,"Live music spills from vibrant bars, food trucks serve up eclectic flavors, and the warm, welcoming vibe makes you feel instantly at home."
Pago Pago,American Samoa,oceania,-14.2754786,-170.7048298,135,27.808333333333334,8,6,10,4,6,8,6,4,7,28.4,28.1,28.4,28.2,28.0,27.5,27.1,27.0,27.4,27.7,27.9,28.0,kaggle_worldwide_travel_cities,"Lush green mountains meet crystal-clear waters, where laid-back island vibes and vibrant Polynesian culture create a welcoming and serene atmosphere."
Luanda,Angola,africa,-8.8272699,13.2439512,135,25.666666666666668,6,6,6,6,8,6,4,6,7,27.4,27.7,28.0,27.6,26.6,23.8,22.3,22.1,23.4,25.4,26.7,27.0,kaggle_worldwide_travel_cities,"A bustling port city with vibrant markets, lively music scenes, and a warm coastal breeze that invites exploration and discovery."
New Orleans,United States,north_america,29.9759983,-90.0782127,135,22.116666666666664,4,10,4,10,10,6,6,8,7,12.5,15.7,19.2,21.7,25.6,28.4,29.1,29.2,27.5,23.4,17.9,15.2,kaggle_worldwide_travel_cities,"Lively streets echo with jazz, while the scent of Creole cuisine fills the air, creating a vibrant and soulful experience."
Raja Ampat,Indonesia,asia,-0.7125553,130.30344727618905,240,27.224999999999998,10,4,10,2,6,8,6,2,7,27.6,27.6,27.6,27.7,27.5,26.8,26.4,26.5,26.7,27.2,27.5,27.6,kaggle_worldwide_travel_cities,"Crystal-clear waters teeming with vibrant marine life and secluded islands offer a serene escape, perfect for snorkeling and diving enthusiasts seeking adventure."
Hamilton Island,Australia,oceania,-20.3546262,148.9560518,240,24.25,10,4,10,6,8,8,8,4,7,27.5,27.3,27.2,25.5,22.4,20.9,19.7,20.6,22.4,24.6,26.0,26.9,kaggle_worldwide_travel_cities,"Turquoise waters and lush landscapes create a serene escape, where gentle sea breezes and vibrant sunsets offer a perfect island retreat."
Melbourne,Australia,oceania,-37.8142454,144.9631732,135,14.866666666666667,6,10,6,8,10,6,8,10,7,20.6,19.7,18.4,15.1,12.2,9.9,9.6,10.6,12.3,14.8,16.5,18.7,kaggle_worldwide_travel_cities,"A vibrant mix of street art, diverse cuisine, and lively laneways create an atmosphere that's both exciting and warmly inviting."
Puebla,Mexico,north_america,18.833333,-98.0,135,17.666666666666668,2,10,6,6,10,6,6,8,7,14.4,16.5,18.4,20.1,20.4,19.1,18.2,18.3,17.8,17.3,16.3,15.2,kaggle_worldwide_travel_cities,"Cobblestone streets filled with vibrant colors, lively markets, and the aroma of rich mole create an inviting and warm atmosphere."
Richmond,United States,north_america,37.5385087,-77.43428,135,15.691666666666663,4,8,6,6,8,6,6,6,7,3.9,6.3,10.2,15.4,19.9,24.3,26.7,25.7,22.6,16.5,10.2,6.6,kaggle_worldwide_travel_cities,"Historic streets lined with charming brick buildings, vibrant art scenes, and the gentle flow of the James River create a welcoming atmosphere."
Bridgetown,Barbados,north_america,13.0977832,-59.6184184,135,27.325,10,6,8,8,8,6,8,6,7,26.3,26.0,26.2,26.8,27.8,28.1,28.0,28.0,28.4,28.1,27.5,26.7,kaggle_worldwide_travel_cities,"Warm ocean breezes mingle with the rhythmic beats of calypso music, creating an inviting atmosphere perfect for unwinding and exploration."
Oaxaca City,Mexico,north_america,17.0604663,-96.7253575,135,21.19166666666667,2,10,6,6,10,6,6,6,7,18.9,20.3,22.1,23.3,23.5,22.1,21.7,21.4,21.4,20.9,19.9,18.8,kaggle_worldwide_travel_cities,Colorful streets filled with vibrant markets and the aroma of rich mole sauces create a warm and inviting cultural tapestry.
San Sebastián,Spain,europe,43.3224219,-1.9838889,135,14.283333333333333,10,8,6,8,10,6,6,6,7,8.6,9.9,11.0,12.6,14.6,17.6,19.7,19.9,18.4,16.2,12.1,10.8,kaggle_worldwide_travel_cities,"Golden beaches meet vibrant pintxo bars and lush green hills, creating a lively yet laid-back atmosphere perfect for unwinding and exploring."
Sedona,United States,north_america,34.8688613,-111.7614394,135,13.716666666666667,2,6,10,4,6,8,10,4,7,4.9,7.3,7.0,12.7,15.4,23.6,24.9,20.6,18.7,14.8,9.1,5.6,kaggle_worldwide_travel_cities,"Red rock formations create a stunning backdrop for peaceful hikes, art galleries, and spiritual retreats, offering a serene escape from the everyday hustle."
Cotonou,Benin,africa,6.3676953,2.4252507,70,27.90833333333333,6,8,6,6,8,6,4,6,7,28.1,29.2,29.4,29.4,28.6,27.1,26.3,25.9,26.5,27.4,28.6,28.4,kaggle_worldwide_travel_cities,"Bustling markets, vibrant street life, and warm coastal breezes create an inviting atmosphere filled with rich cultural experiences and local charm."
Sarajevo,Bosnia and Herzegovina,europe,43.8519774,18.3866868,70,11.750000000000002,2,8,6,6,8,6,6,6,7,0.8,4.2,6.6,11.1,15.3,20.0,22.4,21.8,17.2,12.4,6.8,2.4,kaggle_worldwide_travel_cities,"Cobblestone streets echo with the sound of church bells and the call to prayer, creating a unique blend of cultures and histories."
Tirana,Albania,europe,41.3281482,19.8184435,70,16.525000000000002,4,6,6,6,6,6,6,6,7,7.1,9.2,11.0,14.6,18.9,23.8,26.6,26.3,22.0,17.4,12.9,8.5,kaggle_worldwide_travel_cities,"Vibrant streets filled with eclectic architecture, lively markets, and welcoming locals create an inviting atmosphere that feels both dynamic and laid-back."
Rio de Janeiro,Brazil,south_america,-22.9110137,-43.2093727,135,24.23333333333333,10,8,10,10,8,8,6,8,7,27.3,27.0,26.6,24.8,22.7,21.7,21.4,21.4,23.2,24.1,24.6,26.0,kaggle_worldwide_travel_cities,"Vibrant streets pulse with samba rhythms, stunning beaches meet lush mountains, and every corner offers a burst of color and life."
Curitiba,Brazil,south_america,-25.4295963,-49.2712724,135,18.675,2,8,8,6,8,6,6,8,7,22.1,21.5,21.0,19.0,16.8,15.3,15.2,15.8,18.4,18.4,19.5,21.1,kaggle_worldwide_travel_cities,"Lush parks, innovative urban design, and a blend of cultures create a refreshing and vibrant cityscape that feels both modern and welcoming."
Phnom Penh,Cambodia,asia,11.5730391,104.857807,70,29.05,2,8,4,6,8,6,4,6,7,27.6,28.4,30.0,30.9,30.5,29.8,29.2,29.2,28.5,28.4,28.5,27.6,kaggle_worldwide_travel_cities,"Bustling streets filled with the aroma of street food, vibrant markets, and a rich tapestry of history create an unforgettable atmosphere."
Fès,Morocco,africa,34.0346534,-5.0161926,70,18.466666666666665,2,10,4,4,8,4,6,6,7,10.2,12.0,13.8,15.3,20.4,23.6,27.7,27.9,23.9,20.1,14.8,11.9,kaggle_worldwide_travel_cities,"Winding alleys filled with vibrant souks, the aroma of spices, and the sound of artisans at work create an enchanting, timeless atmosphere."
Toronto,Canada,north_america,43.6534817,-79.3839347,135,10.008333333333333,4,8,6,8,8,6,6,10,7,-2.9,-2.5,2.2,7.5,14.8,19.2,22.9,22.0,18.9,11.8,5.4,0.8,kaggle_worldwide_travel_cities,"Dynamic streets buzzing with diverse cultures, vibrant art scenes, and a skyline that hugs the shimmering lake make for an inviting urban experience."
Lucca,Italy,europe,44.017763900000006,10.454430026192636,135,4.691666666666667,4,8,6,4,8,4,6,6,7,-2.1,-1.3,-1.4,1.7,5.3,11.3,14.1,13.0,8.3,5.8,1.5,0.1,kaggle_worldwide_travel_cities,"Wander through cobblestone streets surrounded by ancient walls, where charming piazzas and the aroma of fresh Italian cuisine fill the air."
Edmonton,Canada,north_america,53.5462055,-113.491241,135,4.825,2,8,8,6,6,6,6,6,7,-8.7,-8.9,-2.5,4.6,12.9,16.8,19.1,17.9,12.6,5.2,-2.7,-8.4,kaggle_worldwide_travel_cities,"Wide-open streets, a lively arts scene, and vibrant festivals create a welcoming atmosphere that feels both dynamic and comfortably laid-back."
Barcelona,Spain,europe,41.3828939,2.1774322,135,16.85833333333333,8,10,6,10,10,6,6,10,7,8.9,10.3,12.7,14.3,18.2,22.9,25.8,25.7,22.0,18.2,13.2,10.1,kaggle_worldwide_travel_cities,"Vibrant streets filled with Gaudí's whimsical architecture, lively tapas bars, and the warm Mediterranean breeze create an inviting and dynamic atmosphere."
Banff,Canada,north_america,51.175076,-115.5720773,240,3.125,2,6,10,4,6,10,8,4,7,-7.6,-6.9,-2.5,2.8,8.1,12.3,15.8,14.7,9.8,3.5,-3.9,-8.6,kaggle_worldwide_travel_cities,"Majestic mountains, crystal-clear lakes, and fresh alpine air create a breathtakingly serene atmosphere, perfect for nature lovers and adventure seekers alike."
Maputo,Mozambique,africa,-25.966213,32.56745,135,23.700000000000003,8,6,8,6,8,6,6,6,7,26.8,26.9,26.3,24.3,22.3,20.2,19.7,20.9,22.4,23.4,24.7,26.5,kaggle_worldwide_travel_cities,"Bustling markets, vibrant street life, and the rhythmic sounds of local music create a lively and colorful atmosphere to explore."
Dar es Salaam,Tanzania,africa,-6.8160837,39.2803583,70,26.591666666666665,8,8,8,6,8,6,6,6,7,28.3,28.6,28.2,26.6,25.9,25.1,24.4,24.7,25.3,26.4,27.4,28.2,kaggle_worldwide_travel_cities,"Lively markets, vibrant street life, and the warm Indian Ocean breeze create a dynamic and welcoming atmosphere full of local charm."
Hamilton,Bermuda,north_america,32.2942679,-64.7853167,240,22.599999999999998,10,6,8,6,8,6,8,6,7,18.6,18.5,18.5,19.9,22.3,25.0,27.2,28.0,27.0,24.6,21.8,19.8,kaggle_worldwide_travel_cities,"Charming streets lined with pastel buildings and the gentle sea breeze create a laid-back, yet vibrant island atmosphere."
Santiago de Chile,Chile,south_america,-33.4377756,-70.6504502,135,15.300000000000002,4,8,8,8,8,8,6,8,7,21.5,20.9,19.0,15.2,11.6,9.2,8.6,10.4,12.6,15.3,18.5,20.8,kaggle_worldwide_travel_cities,"A vibrant city where modern skyscrapers meet historic streets, offering stunning mountain views and a lively cultural scene full of energy."
Shanghai,China,asia,31.2312707,121.4700152,135,18.35833333333333,2,10,4,10,10,6,6,10,7,6.5,7.6,12.4,17.4,22.0,25.4,29.8,30.0,25.8,20.2,15.0,8.2,kaggle_worldwide_travel_cities,"Vibrant streets pulse with energy, blending futuristic skyscrapers with ancient temples, while enticing aromas from street food stalls fill the air."
Kathmandu,Nepal,asia,27.708317,85.3205817,70,18.591666666666665,2,10,8,4,8,8,6,6,7,10.4,13.0,16.7,20.2,21.8,24.0,23.7,23.6,23.0,20.1,15.3,11.3,kaggle_worldwide_travel_cities,"Nestled in a valley surrounded by towering peaks, the city buzzes with vibrant markets, ancient temples, and the aroma of spices."
Auckland,New Zealand,oceania,-36.852095,174.7631803,135,15.71666666666667,6,6,8,8,8,8,6,8,7,20.1,20.3,18.8,16.6,14.3,12.4,11.5,11.7,13.3,14.4,16.4,18.8,kaggle_worldwide_travel_cities,"A lively harbor city where lush landscapes meet urban sophistication, offering a vibrant mix of cultures, flavors, and stunning coastal views."
Québec City,Canada,north_america,46.8137431,-71.2084061,135,6.058333333333334,4,10,8,6,8,6,6,6,7,-9.4,-9.3,-3.5,3.9,12.6,17.4,20.7,19.8,15.8,8.5,1.3,-5.1,kaggle_worldwide_travel_cities,"Cobblestone streets and historic architecture create a charming, old-world atmosphere, while the aroma of fresh pastries fills the crisp air."
Bogotá,Colombia,south_america,4.6533816,-74.0836333,135,14.149999999999999,2,8,6,8,8,6,6,8,7,13.7,14.3,14.4,14.5,14.6,14.1,14.0,14.0,14.0,14.1,14.2,13.9,kaggle_worldwide_travel_cities,"A vibrant mix of colonial charm and modern energy, with bustling markets, rich history, and stunning mountain views that invigorate the senses."
Avarua,Cook Islands,oceania,-21.2074736,-159.7708145,135,24.741666666666664,10,6,8,4,6,6,8,4,7,26.6,26.7,26.8,26.0,24.8,23.6,22.9,22.7,23.1,23.4,24.6,25.7,kaggle_worldwide_travel_cities,"Tropical breezes and stunning ocean views create a laid-back island vibe, inviting you to unwind and soak in the serene beauty."
Izmir,Turkey,asia,38.23166,27.02997,135,17.775,8,8,6,6,8,6,6,8,7,7.7,9.2,11.5,15.6,20.3,25.4,29.0,28.7,24.4,18.7,13.6,9.2,kaggle_worldwide_travel_cities,"Coastal breezes carry the scent of the sea through bustling markets and lively streets, offering a vibrant yet laid-back Mediterranean vibe."
Skopje,North Macedonia,europe,41.9961816,21.4319213,70,13.883333333333335,2,8,6,6,6,6,4,6,7,1.5,5.5,8.6,13.3,17.7,23.0,25.4,25.4,20.0,14.3,8.3,3.6,kaggle_worldwide_travel_cities,"Wandering through eclectic streets, you'll encounter a blend of ancient history and modern quirks, with vibrant markets and grand statues at every turn."
Cartagena,Colombia,south_america,10.4265566,-75.5441671,135,28.316666666666666,8,10,6,8,8,6,6,8,7,27.4,27.6,27.8,28.5,28.9,28.8,28.8,28.8,28.9,28.4,28.0,27.9,kaggle_worldwide_travel_cities,"Winding cobblestone streets, vibrant colonial architecture, and the rhythmic sound of salsa create a lively and colorful coastal atmosphere."
Dubrovnik,Croatia,europe,42.6491029,18.0939501,135,17.14166666666667,8,10,8,6,8,6,6,6,7,8.9,9.8,11.8,14.1,18.7,23.9,26.3,26.9,22.6,18.0,14.3,10.4,kaggle_worldwide_travel_cities,"Wander through ancient stone streets, bask in the Adriatic sun, and feel the blend of history and sea breeze at every corner."
Bergen,Norway,europe,60.3943055,5.3259192,240,8.799999999999999,4,8,10,6,6,8,6,6,7,2.5,3.0,4.3,7.1,11.4,14.5,15.4,15.3,13.4,9.1,5.6,4.0,kaggle_worldwide_travel_cities,"Charming waterfront views, colorful wooden houses, and the fresh scent of sea air make this coastal city feel both cozy and invigorating."
Bocas del Toro,Panama,north_america,9.26847485,-81.99322424821933,135,25.958333333333332,10,6,10,6,6,8,6,4,7,25.0,24.9,25.5,26.0,26.9,26.6,26.2,26.5,26.7,26.4,25.7,25.1,kaggle_worldwide_travel_cities,"Crystal-clear waters lap against palm-fringed beaches, while vibrant marine life and laid-back island vibes create an unforgettable tropical escape."
Santo Domingo,Dominican Republic,north_america,18.4801972,-69.942111,135,26.316666666666663,8,8,6,8,8,6,6,8,7,24.8,24.6,25.2,25.7,26.7,27.4,27.6,27.7,27.8,26.9,26.0,25.4,kaggle_worldwide_travel_cities,"Lively streets filled with the sound of merengue, colonial architecture, and the aroma of local cuisine create an inviting and vibrant atmosphere."
Baños,Ecuador,south_america,-1.33191575,-78.26252853850661,70,20.316666666666666,2,6,10,6,6,10,8,4,7,20.6,20.5,20.7,20.6,20.5,19.5,19.5,19.6,20.4,20.8,20.6,20.5,kaggle_worldwide_travel_cities,"Lush green mountains, steaming thermal pools, and the thrill of adventure sports create an exhilarating yet serene escape in this enchanting town."
Cairo,Egypt,africa,30.0443879,31.2357257,70,23.45833333333334,4,10,6,6,8,6,6,8,7,15.0,16.1,19.1,22.6,26.5,29.3,30.3,30.4,28.8,25.3,21.0,17.1,kaggle_worldwide_travel_cities,"Bustling streets filled with vibrant markets, the aroma of spices, and the awe-inspiring sight of ancient pyramids create an unforgettable experience."
Iquitos,Peru,south_america,-3.749365,-73.2444145,70,26.150000000000006,2,6,10,4,6,10,4,4,7,26.2,26.2,26.1,26.2,25.8,25.6,25.5,26.0,26.8,26.7,26.6,26.1,kaggle_worldwide_travel_cities,"Lush rainforests, vibrant markets, and the hum of riverboats create an atmosphere buzzing with life and natural wonder."
Charlotte,United States,north_america,35.2272086,-80.8430827,135,17.2,2,6,6,6,6,6,6,8,7,6.2,9.2,12.8,16.9,21.3,25.3,27.1,26.2,23.4,17.8,11.7,8.5,kaggle_worldwide_travel_cities,"Bustling streets lined with towering trees, vibrant arts scenes, and a warm Southern hospitality create a welcoming and lively atmosphere."
Marseille,France,europe,43.2961743,5.3699525,135,16.35,6,8,6,8,8,6,6,8,7,7.7,9.3,11.5,14.4,18.5,23.6,26.3,25.5,21.4,17.2,12.0,8.8,kaggle_worldwide_travel_cities,"A lively port city with Mediterranean flair, bustling markets, and a mix of historic charm and modern vibrancy, offering endless exploration."
Malabo,Equatorial Guinea,africa,3.741877,8.7740663,135,26.908333333333335,6,6,8,4,6,6,4,4,7,27.7,28.3,27.9,27.8,27.3,26.3,25.8,25.6,25.8,26.1,26.8,27.5,kaggle_worldwide_travel_cities,"Tropical breezes mingle with the vibrant energy of colorful markets and lively streets, offering a warm and welcoming cultural experience."
Mbabane,Eswatini,africa,-26.325745,31.144663,70,21.083333333333332,2,6,8,4,6,6,6,4,7,23.9,23.6,23.0,21.1,19.7,17.1,17.6,19.7,21.6,20.9,22.5,22.3,kaggle_worldwide_travel_cities,"Surrounded by lush mountains, the city offers a relaxed atmosphere where vibrant markets and friendly locals create an inviting experience."
Sofia,Bulgaria,europe,42.6977028,23.3217359,70,11.58333333333333,2,8,6,6,8,6,6,6,7,-0.2,3.3,6.1,11.2,15.5,19.9,22.5,22.4,17.8,11.8,6.6,2.1,kaggle_worldwide_travel_cities,"Charming streets lined with eclectic architecture and vibrant markets invite you to immerse in a blend of history, culture, and modern energy."
San Marino,San Marino,europe,43.9458623,12.458306,135,15.091666666666667,2,8,6,4,6,4,4,6,7,5.5,7.3,9.6,13.2,17.8,23.0,25.6,25.0,20.7,16.2,10.8,6.4,kaggle_worldwide_travel_cities,"Perched atop rolling hills, this charming enclave offers medieval towers, cobblestone streets, and sweeping vistas, inviting a leisurely exploration of its storied past."
Berlin,Germany,europe,52.510885,13.3989367,135,11.050000000000002,2,10,4,10,8,6,6,10,7,2.3,3.4,6.1,9.8,14.7,19.5,19.9,20.2,15.8,10.9,6.1,3.9,kaggle_worldwide_travel_cities,"Eclectic streets filled with history, art, and a dynamic cultural scene create an atmosphere that's both invigorating and deeply engaging."
Helsinki,Finland,europe,60.1674881,24.9427473,135,7.374999999999999,4,8,8,6,8,6,8,8,7,-2.4,-1.7,0.5,4.9,11.3,16.4,18.1,17.5,13.1,7.4,3.3,0.1,kaggle_worldwide_travel_cities,"A blend of modern design and serene nature, where crisp air and cozy cafes invite you to unwind and explore."
Warsaw,Poland,europe,52.2337172,21.071432235636493,135,10.299999999999999,2,8,6,8,8,4,6,8,7,0.2,1.5,4.4,9.5,14.8,19.7,20.4,20.7,15.6,10.0,4.8,2.0,kaggle_worldwide_travel_cities,"Historic streets blend with modern vibes, where cozy cafes and vibrant squares invite leisurely strolls and a taste of local culture."
Verona,Italy,europe,45.4424977,10.985737689444765,135,14.35,2,10,6,6,8,4,6,8,7,3.2,6.2,9.4,13.6,18.0,23.5,25.8,25.0,20.1,14.8,8.6,4.0,kaggle_worldwide_travel_cities,"Charming streets with a romantic vibe, historic architecture, and cozy piazzas invite leisurely strolls and delightful discoveries at every turn."
Annecy,France,europe,45.8992348,6.1288847,135,11.924999999999999,6,8,10,6,8,8,6,6,7,3.0,4.7,8.0,10.4,14.9,19.6,22.0,21.4,16.8,12.3,6.8,3.2,kaggle_worldwide_travel_cities,"Charming canals and cobblestone streets weave through a picturesque town, surrounded by stunning alpine views and the serene waters of a crystal-clear lake."
Colombo,Sri Lanka,asia,6.9388614,79.8542005,70,28.058333333333334,6,8,6,6,8,6,6,8,7,27.2,27.9,28.5,28.9,28.9,28.7,28.4,28.2,27.8,27.5,27.3,27.4,kaggle_worldwide_travel_cities,"Lively streets filled with the aroma of spices, historic temples, and a coastal breeze create a vibrant and welcoming atmosphere."
Fraser Island,Australia,oceania,-25.24672,153.1468044,135,21.5,10,4,10,2,4,10,6,2,7,25.6,25.4,24.8,22.4,18.9,16.9,16.5,17.9,19.6,22.0,23.4,24.6,kaggle_worldwide_travel_cities,"Endless stretches of sandy beaches, lush rainforests, and crystal-clear freshwater lakes create a serene escape filled with natural wonders and tranquility."
Dakar,Senegal,africa,14.693425,-17.447938,135,25.041666666666668,8,8,6,6,8,6,6,6,7,22.5,21.6,21.4,22.0,23.3,26.1,27.6,28.1,28.1,28.5,26.8,24.5,kaggle_worldwide_travel_cities,"Bustling markets, rhythmic music, and vibrant street life create an energetic atmosphere that's both captivating and welcoming."
Wadi Rum,Jordan,middle_east,29.5084443,35.3362154,135,25.39166666666667,2,6,10,2,6,10,6,2,7,15.8,16.6,17.5,24.8,29.5,32.7,34.5,34.0,31.8,27.6,22.3,17.6,kaggle_worldwide_travel_cities,"Expansive red sands and towering sandstone cliffs create a surreal landscape, inviting exploration and offering moments of profound tranquility under star-filled skies."
Munich,Germany,europe,48.1371079,11.5753822,135,10.916666666666664,2,10,6,8,8,6,6,10,7,1.8,3.6,6.4,10.1,14.0,19.0,20.6,20.2,15.5,11.1,5.6,3.1,kaggle_worldwide_travel_cities,"Historic streets filled with the aroma of pretzels and beer, vibrant festivals, and a charming blend of tradition and modernity await."
Freiburg,Germany,europe,47.9960901,7.8494005,135,10.79166666666667,2,8,10,6,6,6,6,6,7,2.1,4.2,6.6,9.5,13.5,18.2,19.8,19.6,15.2,11.2,5.9,3.7,kaggle_worldwide_travel_cities,"Charming cobblestone streets, lush greenery, and a welcoming vibe create a perfect blend of nature and history, inviting you to explore leisurely."
Singapore,Singapore,asia,1.2899175,103.8519072,240,28.416666666666668,6,8,6,8,10,6,8,10,7,27.4,27.8,28.5,28.9,29.2,28.7,28.8,28.6,28.6,28.7,28.0,27.8,kaggle_worldwide_travel_cities,"A bustling cityscape where futuristic architecture meets lush green spaces, offering a vibrant blend of cultures and flavors at every corner."
Piran,Slovenia,europe,45.5284919,13.5684485,135,15.075000000000001,8,8,8,6,8,6,6,6,7,5.7,7.3,10.6,13.4,17.8,22.8,24.9,24.6,20.5,15.6,10.8,6.9,kaggle_worldwide_travel_cities,Charming cobblestone streets lead you through a town where the sea breeze mingles with the aroma of fresh seafood and vibrant markets.
Valletta,Malta,europe,35.8989979,14.5136607,135,19.741666666666667,6,10,6,6,8,4,6,6,7,13.0,13.1,14.3,16.4,20.0,24.7,27.7,27.8,25.3,21.8,18.1,14.7,kaggle_worldwide_travel_cities,Sun-drenched streets lined with baroque architecture and vibrant markets create a charming blend of history and lively Mediterranean spirit.
Thessaloniki,Greece,europe,40.6403167,22.9352716,135,16.86666666666667,6,8,6,8,10,6,6,8,7,6.4,8.6,11.1,14.9,19.9,25.0,27.8,27.3,22.9,17.3,12.8,8.4,kaggle_worldwide_travel_cities,"Lively waterfronts, aromatic tavernas, and ancient ruins blend seamlessly with a youthful energy that invites exploration and leisurely enjoyment."
Georgetown,Guyana,south_america,6.8137426,-58.1624465,70,27.90833333333333,4,8,10,6,6,8,6,6,7,27.1,27.2,27.6,28.0,27.6,27.4,27.7,28.4,29.2,29.1,28.2,27.4,kaggle_worldwide_travel_cities,"Lush greenery and colonial architecture meet vibrant local markets and a lively Caribbean vibe, offering a unique and welcoming atmosphere."
Jeju Island,South Korea,asia,33.38034745,126.54825445912049,135,16.56666666666667,8,6,10,6,8,8,8,4,7,6.5,7.1,10.5,14.6,18.5,21.9,26.5,28.0,24.0,18.9,13.9,8.4,kaggle_worldwide_travel_cities,"Lush green landscapes, volcanic craters, and serene beaches create a tranquil escape, perfect for soaking in natural beauty and peaceful vibes."
Valencia,Spain,europe,39.4697065,-0.3763353,135,18.558333333333334,8,8,8,8,10,6,6,8,7,11.5,12.5,14.2,15.9,19.8,23.6,26.7,26.9,23.6,20.0,15.3,12.7,kaggle_worldwide_travel_cities,"Sun-drenched streets lined with orange trees, vibrant markets, and a seamless blend of ancient history and modern art create a captivating atmosphere."
Hoi An,Vietnam,asia,15.8795863,108.3319406,70,26.833333333333332,6,10,6,4,10,6,6,4,7,22.2,23.1,25.5,27.3,29.3,30.6,29.9,30.0,28.8,26.8,25.6,22.9,kaggle_worldwide_travel_cities,"Charming lantern-lit streets, bustling markets, and the scent of fresh herbs create an inviting atmosphere that feels both timeless and vibrant."
Kolkata,India,asia,22.5726459,88.3638953,70,27.000000000000004,2,10,6,6,10,4,6,8,7,19.4,23.3,27.6,30.5,30.8,30.6,29.6,29.4,29.4,28.2,24.6,20.6,kaggle_worldwide_travel_cities,"Bustling streets filled with the aroma of spices, vibrant markets, and colonial architecture create an inviting atmosphere full of life and history."
Budapest,Hungary,europe,47.48138955,19.14609412691246,135,12.383333333333335,2,10,6,10,8,6,10,8,7,1.0,4.0,7.3,12.2,16.7,21.9,23.6,23.3,18.0,12.0,6.3,2.3,kaggle_worldwide_travel_cities,"Charming streets lined with historic architecture and lively ruin bars create a welcoming vibe, where tradition meets a vibrant, modern energy."
Yogyakarta,Indonesia,asia,-7.8011998,110.3646608,70,27.849999999999998,4,10,8,6,8,6,6,6,7,27.5,27.5,27.6,28.0,28.3,28.0,27.6,27.3,27.7,28.7,28.4,27.6,kaggle_worldwide_travel_cities,"A vibrant blend of traditional Javanese culture and modern energy, where bustling markets and ancient temples create a rich sensory tapestry."
Monaco,Monaco,europe,43.7323492,7.4276832,240,15.858333333333334,6,8,6,10,8,4,6,10,7,8.2,9.2,12.2,13.4,16.9,21.9,25.0,24.7,20.9,16.8,12.1,9.0,kaggle_worldwide_travel_cities,"Glamorous streets lined with luxury cars and yachts, where the Mediterranean breeze mingles with the scent of high-end cuisine and opulence."
Rome,Italy,europe,41.8933203,12.4829321,135,16.633333333333333,4,10,6,8,10,6,6,10,7,8.2,9.5,11.2,14.3,18.3,23.4,26.8,26.3,21.8,17.6,13.0,9.2,kaggle_worldwide_travel_cities,"Ancient ruins stand proudly amidst bustling piazzas, where the aroma of fresh pasta and the echoes of street musicians fill the air."
Stockholm,Sweden,europe,59.3251172,18.0710935,240,8.083333333333334,4,8,8,8,8,6,6,10,7,-0.7,-0.2,3.3,5.6,11.5,16.9,17.6,17.3,13.2,7.9,3.8,0.8,kaggle_worldwide_travel_cities,"Charming waterfronts, crisp Nordic air, and a seamless blend of old-world charm and modern design create a unique and inviting atmosphere."
Taipei,Taiwan,asia,25.0375198,121.5636796,135,24.03333333333333,4,8,6,8,10,6,6,8,7,16.9,17.5,19.8,23.0,26.2,29.3,30.8,30.2,28.5,25.1,22.6,18.5,kaggle_worldwide_travel_cities,"Bustling night markets filled with tantalizing aromas, serene temples, and lush green hills create a vibrant and welcoming atmosphere."
Tokyo,Japan,asia,35.6768601,139.7638947,240,16.666666666666668,2,10,4,10,10,4,6,10,7,5.9,7.0,10.8,15.2,19.8,22.6,26.6,27.9,24.2,18.4,13.4,8.2,kaggle_worldwide_travel_cities,"Neon-lit streets pulse with energy, while serene gardens and ancient temples offer a peaceful escape, creating a captivating blend of modernity and tradition."
Noumea,New Caledonia,oceania,-22.2745264,166.442419,240,23.641666666666666,8,6,8,6,8,6,6,6,7,26.1,26.8,26.2,24.7,22.7,21.4,20.8,20.5,21.5,23.0,24.1,25.9,kaggle_worldwide_travel_cities,"A tropical blend of French sophistication and island charm, with vibrant markets, azure waters, and a laid-back, sun-soaked vibe."
Palermo,Italy,europe,38.1112268,13.3524434,135,19.241666666666667,6,8,6,6,10,4,6,8,7,12.7,12.8,14.3,15.7,19.1,23.6,26.9,27.3,24.9,21.2,17.8,14.6,kaggle_worldwide_travel_cities,"Sun-drenched streets filled with the aroma of street food, lively markets, and stunning architecture create an enchanting and vibrant atmosphere."
Sicily,Italy,europe,37.587794,14.155048,135,14.450000000000001,8,10,8,6,10,6,6,6,7,6.1,7.0,7.6,11.2,15.8,22.0,25.6,23.8,19.9,15.6,11.0,7.8,kaggle_worldwide_travel_cities,"Sun-drenched landscapes, aromatic citrus groves, and vibrant markets create a sensory feast, while ancient ruins whisper stories of a rich, layered history."
Amman,Jordan,middle_east,31.9515694,35.9239625,135,18.658333333333335,2,8,6,6,8,6,6,8,7,9.3,9.5,9.5,17.6,22.8,26.0,27.7,27.3,25.6,21.8,15.9,10.9,kaggle_worldwide_travel_cities,"Bustling markets, aromatic spices, and ancient ruins create a vibrant atmosphere that blends history with the lively rhythms of modern life."
Nairobi,Kenya,africa,-1.30261485,36.82884201813725,135,19.933333333333334,2,8,10,6,6,8,6,8,7,20.8,21.6,21.8,20.6,19.6,18.6,18.0,18.3,19.4,20.6,19.9,20.0,kaggle_worldwide_travel_cities,"Bustling streets filled with colorful markets, the aroma of street food, and a lively mix of cultures create a dynamic urban experience."
Panama City,Panama,north_america,8.9714493,-79.5341802,135,27.075,6,8,8,8,8,6,6,8,7,27.0,27.4,27.7,27.9,27.4,27.1,27.0,26.9,26.7,26.5,26.4,26.9,kaggle_worldwide_travel_cities,Humid evenings and skyscraper views contrast beautifully with colorful historic quarters and lush jungle landscapes within easy reach.
Nagoya,Japan,asia,35.1851045,136.8998438,240,16.474999999999998,2,8,6,6,8,4,6,8,7,4.6,5.6,10.0,15.1,19.8,23.1,27.1,28.6,24.9,18.7,13.1,7.1,kaggle_worldwide_travel_cities,"A city where modern skyscrapers meet historic castles, offering a rich blend of tradition and innovation with a laid-back vibe."
Fukuoka,Japan,asia,33.6251241,130.6180016,135,16.6,6,8,6,8,10,6,6,8,7,5.9,6.7,10.6,15.1,19.6,23.0,27.2,28.1,24.3,18.3,12.9,7.5,kaggle_worldwide_travel_cities,"Coastal breezes blend with vibrant city life, offering a friendly atmosphere, delicious street food, and a seamless mix of modern and traditional experiences."
Maseru,Lesotho,africa,-29.310054,27.478222,70,13.991666666666667,2,6,8,4,4,8,4,4,7,18.9,18.7,17.2,13.5,11.1,7.1,6.6,9.4,14.2,16.2,17.3,17.7,kaggle_worldwide_travel_cities,"Surrounded by dramatic landscapes, this city offers a blend of bustling markets, friendly locals, and a unique cultural tapestry to explore."
Mexico City,Mexico,north_america,19.3207722,-99.1514677512441,135,17.033333333333335,2,10,6,10,10,6,6,10,7,14.4,15.9,18.2,20.3,19.9,18.5,17.1,17.2,17.0,16.0,15.5,14.4,kaggle_worldwide_travel_cities,"Vibrant streets teeming with life, colorful markets, and the aroma of street food create an eclectic and exhilarating urban experience."
Doha,Qatar,middle_east,25.2856329,51.5264162,240,28.96666666666667,6,8,4,6,8,6,8,10,7,19.1,19.8,23.3,27.9,33.3,36.6,37.2,36.7,34.7,31.3,26.3,21.4,kaggle_worldwide_travel_cities,"Modern architecture meets traditional souks, with the aroma of spices and the warm desert breeze creating a welcoming and vibrant atmosphere."
Astana,Kazakhstan,asia,51.1159933,71.46770587485393,135,4.383333333333334,2,6,4,6,6,4,6,8,7,-13.8,-12.0,-5.0,7.5,15.0,19.6,21.6,19.3,12.4,4.6,-5.4,-11.2,kaggle_worldwide_travel_cities,"Futuristic architecture and expansive boulevards create a surreal atmosphere, blending modernity with cultural depth, offering an intriguing and unique urban experience."
Luang Prabang,Laos,asia,19.8887438,102.135898,70,26.800000000000008,2,10,8,4,8,6,8,4,7,21.9,24.2,27.0,29.2,29.9,29.5,28.8,28.1,28.3,27.3,25.3,22.1,kaggle_worldwide_travel_cities,"Serene streets lined with French colonial architecture, vibrant night markets, and the gentle flow of the Mekong River create a peaceful, timeless charm."
Oaxaca,Mexico,north_america,17.0,-96.5,135,20.599999999999998,4,10,8,6,10,6,6,6,7,18.2,19.5,21.4,23.3,23.2,21.6,21.0,20.8,20.6,20.2,19.2,18.2,kaggle_worldwide_travel_cities,"Colorful markets, aromatic street food, and vibrant festivals create an immersive experience that feels both lively and deeply rooted in tradition."
Kaunas,Lithuania,europe,54.8982139,23.9044817,70,8.525,2,8,6,6,6,4,6,6,7,-1.7,-0.5,2.5,7.6,13.2,17.8,18.5,18.7,14.0,8.2,3.6,0.4,kaggle_worldwide_travel_cities,"Charming cobblestone streets, vibrant street art, and a laid-back vibe invite you to explore its rich history and creative energy."
Podgorica,Montenegro,europe,42.4415238,19.2621081,70,17.39166666666667,4,6,8,6,6,6,6,6,7,6.5,9.0,12.1,15.8,20.3,25.8,29.4,28.8,23.2,17.3,12.3,8.2,kaggle_worldwide_travel_cities,"A blend of modern and traditional vibes, where lively streets meet serene parks, offering a warm and welcoming atmosphere."
Kuching,Malaysia,asia,1.5597561,110.345397,70,27.016666666666666,4,8,8,6,8,6,6,6,7,26.4,26.4,26.9,27.3,27.6,27.3,27.6,27.3,27.2,26.9,26.7,26.6,kaggle_worldwide_travel_cities,"A blend of colonial charm and vibrant markets, with lush greenery and the gentle flow of the Sarawak River creating a serene atmosphere."
Port Louis,Mauritius,africa,-20.1624522,57.5028044,135,21.808333333333337,10,8,8,6,8,6,6,6,7,24.2,24.2,24.2,23.4,21.5,19.7,18.9,19.0,19.8,20.9,22.3,23.6,kaggle_worldwide_travel_cities,"A bustling port city where vibrant markets, colonial architecture, and the scent of street food create a lively and colorful atmosphere."
Beira,Mozambique,africa,-19.828707,34.841782,70,25.116666666666664,6,6,6,4,6,6,4,4,7,28.1,28.2,27.3,26.0,23.6,21.8,20.9,22.2,23.5,25.1,26.9,27.8,kaggle_worldwide_travel_cities,Warm ocean breezes mix with the vibrant energy of local markets and the relaxed charm of coastal streets lined with casuarina trees.
Salalah,Oman,middle_east,17.0174945,54.1010923,135,26.941666666666666,8,6,10,4,6,6,6,4,7,23.9,24.4,26.7,28.8,30.2,29.8,26.6,25.7,27.3,27.5,27.1,25.3,kaggle_worldwide_travel_cities,"Lush green landscapes meet the Arabian Sea, creating a serene atmosphere filled with the scent of frankincense and the sound of gentle waves."
Pretoria,South Africa,africa,-25.7459277,28.1879101,135,19.191666666666666,2,8,8,6,8,6,6,8,7,22.8,22.7,21.9,18.6,15.9,12.4,12.7,16.1,19.9,22.0,22.6,22.7,kaggle_worldwide_travel_cities,"Wide tree-lined avenues and vibrant jacaranda blooms create a serene backdrop for exploring cultural landmarks and lively markets in a warm, welcoming atmosphere."
Monterrey,Mexico,north_america,25.6802019,-100.315258,135,22.616666666666664,2,8,8,8,8,6,6,8,7,14.5,16.7,20.7,24.1,27.0,28.4,28.3,28.8,26.2,22.4,18.1,16.2,kaggle_worldwide_travel_cities,"Nestled between dramatic mountains, the city offers a vibrant blend of modern life and cultural richness, with lively streets and friendly locals."
Chisinau,Moldova,europe,47.0245117,28.8322923,70,11.866666666666667,2,6,6,6,6,4,4,6,7,-0.3,1.8,5.9,11.4,16.6,22.0,23.7,23.8,18.5,11.6,5.5,1.9,kaggle_worldwide_travel_cities,"Tree-lined streets and Soviet-era architecture mix with lively markets and cozy wine bars, offering a unique and welcoming vibe."
Oslo,Norway,europe,59.9133301,10.7389701,240,7.500000000000001,4,8,8,6,8,6,8,8,7,-2.0,-0.8,1.9,6.4,12.0,16.6,17.6,16.4,12.9,7.2,2.5,-0.7,kaggle_worldwide_travel_cities,"Modern architecture meets stunning natural landscapes, with serene fjords and vibrant city life offering a unique blend of tranquility and excitement."
Paramaribo,Suriname,south_america,5.82417645,-55.16628130970069,70,26.908333333333335,4,8,8,6,8,6,6,6,7,26.1,26.4,26.8,26.7,26.5,26.5,26.8,27.1,28.1,28.1,27.3,26.5,kaggle_worldwide_travel_cities,"Lush greenery, colonial architecture, and vibrant street markets create a lively atmosphere where tropical warmth meets cultural diversity."
Kotor,Montenegro,europe,42.4249205,18.7713332,135,16.14166666666667,6,8,8,4,6,6,6,4,7,7.6,8.8,11.2,13.7,17.5,23.1,25.7,25.5,21.6,16.5,12.8,9.7,kaggle_worldwide_travel_cities,"Winding cobblestone streets and ancient stone walls create a charming, timeless atmosphere, inviting you to explore hidden corners and scenic views."
Rabat,Morocco,africa,33.9851778,-6.8461433,70,17.591666666666665,6,8,6,6,8,4,6,8,7,12.1,13.1,14.2,16.3,18.7,20.7,22.7,23.2,21.5,19.6,15.6,13.4,kaggle_worldwide_travel_cities,"A city where historic medinas meet modern boulevards, offering a serene coastal vibe with the scent of sea air and spices."
Arequipa,Peru,south_america,-16.3988667,-71.5369607,70,15.908333333333333,2,8,8,6,8,6,6,6,7,15.6,15.3,15.4,16.2,16.2,15.6,15.4,15.6,16.5,16.6,16.3,16.2,kaggle_worldwide_travel_cities,Charming colonial architecture and vibrant plazas set against a backdrop of volcanic peaks create a captivating blend of history and natural beauty.
Krakow,Poland,europe,50.0619474,19.9368564,135,9.883333333333331,2,10,6,8,8,4,6,8,7,-0.4,1.6,4.3,9.1,13.9,19.1,20.0,20.0,15.1,9.8,4.6,1.5,kaggle_worldwide_travel_cities,"Charming cobblestone streets and lively squares invite exploration, while the rich history and vibrant culture create an inviting and warm atmosphere."
Chiang Rai,Thailand,asia,19.7589517,99.6734592,70,25.266666666666666,2,8,8,4,8,6,6,4,7,20.5,22.3,25.5,27.4,28.4,27.8,27.3,26.7,26.7,25.6,23.8,21.2,kaggle_worldwide_travel_cities,"Quiet temples and vibrant markets blend with lush green landscapes, offering a serene yet culturally rich experience for the curious traveler."
Maastricht,Netherlands,europe,50.85798545,5.6969881818221095,135,11.433333333333332,2,8,6,6,8,4,6,6,7,3.7,5.1,7.0,9.9,14.1,18.2,19.2,19.2,15.8,12.0,7.4,5.6,kaggle_worldwide_travel_cities,"Cobblestone streets and medieval architecture create a charming atmosphere, while lively squares and riverside paths invite leisurely exploration and relaxation."
Christchurch,New Zealand,oceania,-43.530955,172.6364343,135,11.975,6,6,8,6,6,8,6,6,7,17.2,17.0,15.0,12.3,9.7,7.4,6.6,7.4,9.6,11.6,13.9,16.0,kaggle_worldwide_travel_cities,"A city reborn with innovative architecture and lush gardens, offering a mix of urban charm and stunning natural landscapes."
Gotland,Sweden,europe,57.4174802,18.536957927499856,135,8.6,8,8,8,6,6,6,6,4,7,1.4,1.3,2.2,5.3,10.4,15.5,17.4,17.3,14.0,9.3,5.9,3.2,kaggle_worldwide_travel_cities,"Charming cobblestone streets, medieval ruins, and serene coastal landscapes offer a peaceful escape with a touch of historical intrigue and natural beauty."
St Ives,United Kingdom,europe,50.2149064,-5.4795083,135,11.516666666666666,10,8,8,6,6,6,6,4,7,7.4,7.6,8.0,9.6,11.9,14.6,16.2,16.3,14.9,12.6,10.1,9.0,kaggle_worldwide_travel_cities,"Charming cobblestone streets wind through art galleries and quaint shops, with the salty sea breeze adding a refreshing touch to your stroll."
Tromsø,Norway,europe,69.6516345,18.9558585,240,4.0,4,6,10,6,6,8,6,6,7,-2.9,-2.0,-1.6,1.7,5.9,9.8,12.9,12.2,8.8,3.7,0.9,-1.4,kaggle_worldwide_travel_cities,"Snow-draped landscapes and vibrant northern lights create a magical atmosphere, while the crisp Arctic air invigorates your senses and spirit."
Granada,Nicaragua,north_america,11.9303801,-85.9535897,70,27.791666666666668,4,8,8,6,8,6,6,6,7,27.0,27.5,28.6,29.8,29.1,27.6,27.6,27.8,27.6,27.2,26.9,26.8,kaggle_worldwide_travel_cities,"Cobblestone streets lined with colorful colonial buildings and the distant scent of tropical fruits create a charming, laid-back atmosphere."
San Juan,Puerto Rico,north_america,18.38423905,-66.05343997364733,135,27.399999999999995,10,8,6,8,8,6,6,8,7,25.7,25.6,25.8,26.6,27.8,28.5,28.6,28.9,28.9,28.5,27.4,26.5,kaggle_worldwide_travel_cities,"Cobblestone streets lined with colorful colonial buildings, lively salsa rhythms, and the scent of ocean breezes create a vibrant and welcoming atmosphere."
Salt Lake City,United States,north_america,40.7596198,-111.886797,135,13.166666666666666,2,6,10,6,6,8,8,6,7,0.3,2.8,7.6,11.4,16.6,24.1,28.6,26.5,21.2,12.9,5.6,0.4,kaggle_worldwide_travel_cities,"Surrounded by stunning mountains, this city offers a blend of vibrant urban life and serene natural beauty, perfect for outdoor enthusiasts."
Asunción,Paraguay,south_america,-25.2800459,-57.6343814,70,23.616666666666664,2,6,6,6,6,4,4,6,7,28.5,27.5,26.3,23.9,19.5,18.5,18.4,20.5,22.6,24.5,25.8,27.4,kaggle_worldwide_travel_cities,"Stroll through sun-dappled streets, where lively markets and the scent of grilled meats create a warm, inviting atmosphere."
Manila,Philippines,asia,14.5904492,120.9803621,70,28.683333333333337,4,8,4,8,8,6,6,8,7,26.9,27.3,28.6,30.0,30.6,29.7,28.7,28.8,28.7,28.7,28.6,27.6,kaggle_worldwide_travel_cities,"Bustling streets filled with vibrant jeepneys and the aroma of street food create an exciting, sensory-rich experience that's uniquely captivating."
Bern,Switzerland,europe,46.9484742,7.4521749,240,10.23333333333333,2,8,8,6,8,6,8,8,7,1.5,3.2,5.6,9.3,13.1,18.3,19.9,19.4,15.1,10.3,5.0,2.1,kaggle_worldwide_travel_cities,"Charming cobblestone streets wind through medieval architecture, while the gentle flow of the river creates a serene backdrop for leisurely exploration."
Catania,Italy,europe,37.5023612,15.0873718,135,18.225,6,8,8,6,10,6,6,6,7,10.3,11.2,12.1,15.4,19.1,23.9,27.4,27.1,24.4,20.3,15.8,11.7,kaggle_worldwide_travel_cities,"Sun-soaked streets filled with the aroma of fresh seafood, lively markets, and the dramatic backdrop of a smoking volcano create a unique atmosphere."
Davao,Philippines,asia,7.0648306,125.6080623,70,27.991666666666674,6,6,10,6,8,8,6,6,7,27.0,27.0,28.0,28.7,29.0,28.1,27.9,28.1,28.3,28.1,28.1,27.6,kaggle_worldwide_travel_cities,"Lush landscapes meet urban vibrancy, with bustling markets, serene parks, and the scent of tropical fruits filling the air."
Porto,Portugal,europe,41.1494512,-8.6107884,135,15.241666666666667,6,8,6,8,10,6,6,8,7,10.2,11.4,12.7,14.1,16.4,17.9,20.1,20.0,18.7,16.8,13.2,11.4,kaggle_worldwide_travel_cities,"Charming riverside streets, vibrant tiles, and the rich aroma of port wine create a warm and inviting atmosphere perfect for leisurely exploration."
Azores,Portugal,europe,37.80855645,-25.47313739124529,135,18.191666666666666,6,6,10,4,8,8,6,4,7,15.6,15.0,14.6,15.8,17.3,19.2,21.7,23.0,22.1,19.9,17.8,16.3,kaggle_worldwide_travel_cities,"Lush volcanic landscapes, tranquil ocean vistas, and charming villages create a serene atmosphere perfect for unwinding and connecting with nature."
Freetown,Sierra Leone,africa,8.479004,-13.26795,70,27.45,8,6,8,6,6,6,4,4,7,27.6,27.9,28.1,28.5,28.3,27.3,26.4,26.2,26.7,27.1,27.7,27.6,kaggle_worldwide_travel_cities,"Lively streets filled with vibrant markets, friendly locals, and the rhythmic sounds of the ocean create a welcoming and dynamic atmosphere."
Laval,Quebec,north_america,45.60558895,-73.73456014508847,135,7.883333333333334,4,6,6,6,6,6,6,6,7,-7.9,-7.2,-1.8,6.3,14.7,19.4,22.6,21.5,17.4,10.2,2.7,-3.3,kaggle_worldwide_travel_cities,"A blend of urban charm and natural beauty, with lush parks and vibrant cultural spots offering a refreshing escape from the city rush."
Saint-Denis,Réunion,africa,-20.8799889,55.448137,135,24.425,8,8,10,6,8,8,6,6,7,26.6,26.8,26.4,25.6,24.0,22.4,21.8,21.8,22.5,23.8,25.0,26.4,kaggle_worldwide_travel_cities,"A lively mix of Creole culture, bustling markets, and lush mountain backdrops create a vibrant and welcoming atmosphere full of discovery."
Constanta,Romania,europe,44.1767161,28.6507598,70,13.716666666666667,8,6,6,6,8,6,6,6,7,2.9,4.7,7.0,11.6,16.8,22.2,24.5,24.8,20.6,14.8,9.5,5.2,kaggle_worldwide_travel_cities,"Golden beaches meet historic architecture, offering a blend of sun-soaked relaxation and the charm of ancient ruins and lively promenades."
Puerto Vallarta,Mexico,north_america,20.6407176,-105.220306,135,23.466666666666665,10,6,8,8,8,8,8,6,7,21.0,21.1,21.6,23.0,24.6,25.1,25.4,25.4,25.0,24.7,23.2,21.5,kaggle_worldwide_travel_cities,"Golden beaches meet the lush Sierra Madre mountains, creating a vibrant yet laid-back atmosphere filled with colorful markets and lively nightlife."
Cape Town,South Africa,africa,-33.9288301,18.4172197,135,17.075,8,8,10,8,8,8,6,8,7,21.8,21.4,19.8,17.5,15.3,13.5,12.4,12.8,14.3,17.1,18.6,20.4,kaggle_worldwide_travel_cities,"A vibrant coastal city surrounded by rugged mountains and pristine beaches, offering laid-back afternoons, diverse cultures, and breathtaking views."
Castries,Saint Lucia,north_america,13.90904385,-60.97792414113452,135,26.933333333333334,10,6,10,6,8,8,8,6,7,25.5,25.6,25.9,26.7,27.5,27.7,27.6,27.8,28.0,27.7,27.0,26.2,kaggle_worldwide_travel_cities,"Colorful markets, ocean breezes, and lively street music create a vibrant atmosphere, inviting you to explore and unwind at your own pace."
São Tomé,São Tomé and Príncipe,africa,0.3389242,6.7313031,135,26.2,8,6,10,4,6,8,6,4,7,26.6,27.1,27.1,27.1,27.2,25.9,25.0,24.9,25.7,25.8,25.8,26.2,kaggle_worldwide_travel_cities,"Lush rainforests, tranquil beaches, and the gentle rhythm of island life create a serene escape filled with natural beauty and warmth."
Madrid,Spain,europe,40.4167047,-3.7035825,135,16.216666666666665,2,10,4,10,10,6,6,10,7,6.6,8.6,11.3,14.0,18.8,23.8,28.3,27.2,21.1,16.4,10.5,8.0,kaggle_worldwide_travel_cities,"Vibrant streets filled with lively tapas bars, stunning architecture, and a rich tapestry of history create an inviting and energetic atmosphere."
Nantes,France,europe,47.2186371,-1.5541362,135,13.091666666666667,4,8,6,6,8,4,6,8,7,6.4,7.4,9.3,11.9,15.1,18.6,20.2,19.9,17.3,13.8,9.5,7.7,kaggle_worldwide_travel_cities,"A city where historic charm meets modern creativity, with cobblestone streets, vibrant art scenes, and the gentle flow of the Loire River."
Victoria,Seychelles,africa,-4.6232085,55.452359,240,27.650000000000002,10,6,10,6,8,8,8,4,7,27.5,28.1,28.7,28.7,28.5,27.5,26.4,26.4,27.0,27.7,27.7,27.6,kaggle_worldwide_travel_cities,"Lush tropical landscapes meet the vibrant colors of bustling markets, offering a sensory feast of exotic flavors and warm ocean breezes."
Ljubljana,Slovenia,europe,46.0500268,14.5069289,135,12.116666666666667,2,8,8,6,8,6,6,8,7,1.6,4.3,7.3,11.7,15.8,21.2,23.0,22.3,16.9,12.3,6.7,2.3,kaggle_worldwide_travel_cities,"Charming cobblestone streets, vibrant riverfront cafés, and lush green spaces offer a welcoming atmosphere that's both lively and relaxing."
Chengdu,China,asia,30.6598628,104.0633717,135,18.516666666666666,2,10,8,6,10,6,6,8,7,8.0,10.2,15.4,19.7,23.1,25.7,27.5,27.9,23.6,18.4,14.0,8.7,kaggle_worldwide_travel_cities,"A lively blend of spicy street food aromas, lush green parks, and the gentle charm of giant pandas creates an inviting, laid-back atmosphere."
Menorca,Spain,europe,39.949257200000005,4.0499641751186415,135,17.624999999999996,10,6,8,6,8,6,8,4,7,11.1,11.2,12.5,14.5,18.1,22.6,25.7,25.7,22.8,19.5,15.2,12.6,kaggle_worldwide_travel_cities,"Golden beaches meet turquoise waters, offering a tranquil escape with gentle breezes, charming villages, and the scent of pine forests in the air."
Stone Town,Tanzania,africa,-6.16265285,39.18965515249984,70,27.224999999999998,8,10,6,6,8,6,6,6,7,28.5,28.8,28.8,27.5,27.0,26.5,25.7,25.6,26.0,26.8,27.4,28.1,kaggle_worldwide_travel_cities,"Winding alleys filled with vibrant markets, the aroma of spices, and the sound of distant waves create an atmosphere both lively and enchanting."
Johannesburg,South Africa,africa,-26.205,28.049722,135,16.825,2,8,6,8,8,6,6,10,7,20.3,19.8,19.1,16.1,14.1,10.8,10.7,14.3,17.6,19.1,19.7,20.3,kaggle_worldwide_travel_cities,"A bustling urban landscape with vibrant street art, diverse culinary delights, and a palpable energy that captures the essence of modern African city life."
Busan,South Korea,asia,35.1799528,129.0752365,135,15.45833333333333,8,8,8,8,10,6,6,8,7,3.8,5.2,10.1,14.3,18.5,21.7,25.2,27.2,23.1,18.1,12.6,5.7,kaggle_worldwide_travel_cities,"Coastal breezes mix with the scent of street food, while vibrant markets and serene temples create a lively yet calming atmosphere."
Koh Lanta,Thailand,asia,13.8212743,100.6306935,70,29.15833333333333,10,6,8,6,8,8,8,4,7,27.3,28.5,30.2,30.9,30.7,30.1,29.5,29.4,28.8,28.5,28.6,27.4,kaggle_worldwide_travel_cities,"Golden beaches, gentle waves, and lush greenery create a serene escape where you can unwind and soak in the tranquil island vibe."
Mumbai,India,asia,19.054999,72.8692035,135,28.46666666666667,6,10,4,8,10,6,6,10,7,25.6,27.0,28.9,30.0,30.9,29.5,28.1,28.0,28.1,29.6,29.0,26.9,kaggle_worldwide_travel_cities,"A bustling metropolis where vibrant street life, aromatic food stalls, and historic landmarks blend with a dynamic energy that never sleeps."
Istanbul,Turkey,europe,41.006381,28.9758715,135,16.34166666666667,4,10,6,8,10,6,6,10,7,7.4,7.6,9.6,13.5,17.9,23.3,26.1,26.4,22.9,17.8,13.9,9.7,kaggle_worldwide_travel_cities,"A captivating blend of East and West, with vibrant bazaars, aromatic spices, historic mosques, and the serene Bosphorus weaving through daily life."
Seville,Spain,europe,37.3886303,-5.9953403,135,19.2,2,10,4,8,10,6,6,8,7,10.5,12.5,14.9,17.5,21.6,24.9,28.0,28.3,24.6,20.7,14.9,12.0,kaggle_worldwide_travel_cities,"Sun-drenched plazas, the aroma of orange blossoms, and the passionate rhythm of flamenco create an enchanting and lively atmosphere."
Bangkok,Thailand,asia,13.7524938,100.4935089,70,29.25833333333333,4,10,4,10,10,6,8,10,7,27.8,28.7,30.1,30.8,30.8,30.1,29.4,29.3,28.7,28.6,28.9,27.9,kaggle_worldwide_travel_cities,Busy streets filled with vibrant markets and aromatic street food stalls create an exhilarating atmosphere that's both chaotic and captivating.
Belfast,United Kingdom,europe,54.596391,-5.9301829,135,10.124999999999998,4,8,6,6,8,6,6,8,7,5.4,5.8,6.3,8.4,11.7,14.3,15.4,15.4,13.6,10.8,7.8,6.6,kaggle_worldwide_travel_cities,"Cozy pubs, historic streets, and the lively spirit of its people create an inviting and culturally rich atmosphere full of stories."
Odessa,Ukraine,europe,46.4843023,30.7322878,70,12.35,8,8,6,8,8,6,6,8,7,0.6,2.3,5.6,10.6,16.1,22.0,24.2,24.5,19.3,12.9,7.0,3.1,kaggle_worldwide_travel_cities,"Charming cobblestone streets, lively markets, and the gentle sea breeze create a relaxed yet vibrant atmosphere perfect for unwinding and exploring."
Zanzibar Town,Tanzania,africa,-6.15956165,39.2009686,135,27.224999999999998,10,8,8,6,8,6,6,6,7,28.5,28.8,28.8,27.5,27.0,26.5,25.7,25.6,26.0,26.8,27.4,28.1,kaggle_worldwide_travel_cities,Winding streets filled with the aroma of spices and the sound of Swahili music create an enchanting and vibrant atmosphere.
Antananarivo,Madagascar,africa,-18.9100122,47.5255809,70,18.791666666666664,4,8,10,6,6,8,4,6,7,21.1,21.1,21.0,19.9,17.6,15.4,14.7,15.6,17.1,19.7,21.0,21.3,kaggle_worldwide_travel_cities,"Bustling streets filled with lively markets and the aroma of street food create an energetic vibe, surrounded by rolling hills and unique architecture."
Krabi,Thailand,asia,8.0634637,98.9162345,70,26.91666666666666,10,6,10,6,8,8,8,4,7,26.6,27.0,27.9,28.0,28.1,27.6,27.0,26.8,26.2,26.2,25.7,25.9,kaggle_worldwide_travel_cities,"Turquoise waters lap against limestone cliffs, while vibrant markets and serene beaches invite you to unwind and explore at your own pace."
Lomé,Togo,africa,6.130419,1.215829,70,27.91666666666667,6,6,6,4,6,6,4,6,7,28.4,29.3,29.4,29.1,28.6,27.1,26.2,25.8,26.5,27.4,28.6,28.6,kaggle_worldwide_travel_cities,"Bustling markets filled with vibrant textiles and the scent of spices create an energetic atmosphere, while palm-lined beaches offer serene escapes."
Port of Spain,Trinidad and Tobago,north_america,10.6572678,-61.5180173,135,27.033333333333335,8,8,6,8,10,6,6,8,7,25.9,26.0,26.6,27.4,27.7,27.3,27.4,27.6,27.8,27.5,26.9,26.3,kaggle_worldwide_travel_cities,"Bustling streets filled with lively music and vibrant colors offer a sensory feast, where Caribbean culture and urban energy intertwine seamlessly."
Muscat,Oman,middle_east,23.5882019,58.3829448,135,28.900000000000002,8,8,8,4,8,6,6,6,7,21.6,23.0,25.8,30.1,34.6,35.0,33.7,32.3,31.5,30.0,26.3,22.9,kaggle_worldwide_travel_cities,"Golden desert landscapes meet the azure sea, creating a serene backdrop for exploring traditional souks, grand mosques, and coastal promenades."
Kyiv,Ukraine,europe,50.4500336,30.5241361,70,10.1,2,8,6,8,8,6,6,8,7,-2.0,-0.6,4.2,10.3,15.5,21.0,21.8,21.8,16.5,9.5,3.2,0.0,kaggle_worldwide_travel_cities,"Strolling through lively squares and historic streets, you'll feel the vibrant energy of a city rich in culture and warm hospitality."
Galle,Sri Lanka,asia,6.0328139,80.214955,70,28.375,8,8,8,4,8,6,6,6,7,27.4,28.2,28.8,29.2,29.3,29.1,28.8,28.6,28.3,27.8,27.5,27.5,kaggle_worldwide_travel_cities,"Charming cobblestone streets, colonial architecture, and the salty breeze of the ocean create a serene and timeless atmosphere."
Gdansk,Poland,europe,54.42880315,18.79832701217957,135,9.491666666666667,6,8,6,6,8,4,6,8,7,0.8,1.8,4.5,7.1,12.0,17.4,18.5,19.0,15.1,10.0,5.4,2.3,kaggle_worldwide_travel_cities,"Charming cobblestone streets and vibrant maritime history meet the salty breeze of the Baltic, creating a welcoming and lively coastal atmosphere."
Miami,United States,north_america,25.7741728,-80.19362,240,25.791666666666668,10,6,6,10,8,6,8,8,7,20.8,22.5,23.7,25.5,27.0,28.3,29.3,29.2,28.7,27.2,24.6,22.7,kaggle_worldwide_travel_cities,"Vibrant streets pulsate with Latin beats, ocean breezes carry the scent of salt and sunscreen, and art deco architecture adds a nostalgic charm."
Svalbard,Norway,europe,78.7198519,20.3493328,240,0.0,2,4,10,2,4,10,4,2,7,-11.1,-9.5,-8.0,-11.1,-4.2,1.4,5.3,4.4,1.1,-2.6,-6.7,-8.2,kaggle_worldwide_travel_cities,"Vast, icy landscapes and the ethereal glow of the northern lights create a surreal, almost otherworldly experience, inviting deep reflection and awe."
Lapland,Finland,europe,67.69291045,26.728214183162983,240,1.1250000000000004,2,6,10,4,6,8,6,4,7,-13.0,-10.0,-6.1,-0.3,6.6,13.0,15.7,13.3,8.1,0.5,-5.2,-9.1,kaggle_worldwide_travel_cities,"Snow-draped landscapes, shimmering northern lights, and cozy log cabins create a magical atmosphere perfect for winter adventures and quiet reflection."
Tunis,Tunisia,africa,36.8002068,10.1857757,70,20.049999999999997,6,8,6,6,8,6,6,6,7,12.4,13.0,14.6,17.4,20.9,25.7,29.0,28.7,26.0,22.0,17.2,13.7,kaggle_worldwide_travel_cities,"Wander through bustling souks and historic medinas, where the scent of spices and the call to prayer create an enchanting atmosphere."
San Francisco,United States,north_america,37.7792588,-122.4193286,240,14.783333333333333,6,10,8,8,10,6,6,10,7,11.1,11.9,12.9,14.1,15.1,17.1,17.5,18.4,18.5,17.0,13.0,10.8,kaggle_worldwide_travel_cities,"Fog-kissed hills, eclectic neighborhoods, and the scent of fresh sea air create an inviting and dynamic atmosphere that's both laid-back and vibrant."
Boston,United States,north_america,42.3554334,-71.060511,240,11.708333333333334,4,10,6,8,8,4,6,10,7,-0.1,0.7,4.0,9.2,15.1,20.2,23.9,23.4,19.6,13.8,7.7,3.0,kaggle_worldwide_travel_cities,"Historic streets meet modern innovation, offering a mix of charming neighborhoods, rich history, and vibrant cultural scenes that invite exploration and discovery."
Rotorua,New Zealand,oceania,-38.1381493,176.252922,135,12.183333333333332,4,8,10,6,6,8,10,6,7,17.1,17.2,15.6,13.0,10.6,8.3,7.4,7.9,9.5,11.1,13.1,15.4,kaggle_worldwide_travel_cities,"Steam rises from bubbling mud pools and the air is filled with the scent of sulfur, creating a unique geothermal wonderland."
El Chaltén,Argentina,south_america,-49.3319564,-72.8860438,70,0.9083333333333333,2,4,10,4,6,10,6,2,7,4.9,6.0,4.1,1.5,-0.8,-3.0,-3.5,-2.9,-1.2,0.5,1.9,3.4,kaggle_worldwide_travel_cities,"Nestled amidst rugged peaks and vast landscapes, this charming village offers a sense of tranquility and awe-inspiring natural beauty."
Christiansted,U.S. Virgin Islands,north_america,17.7439481,-64.7079823,135,27.350000000000005,10,6,8,6,8,8,6,4,7,25.7,25.5,25.7,26.5,27.8,28.7,28.8,28.9,28.8,28.3,27.3,26.2,kaggle_worldwide_travel_cities,"Charming streets lined with pastel-hued buildings, ocean breezes carrying the scent of salt, and a laid-back Caribbean vibe invite relaxation."
Houston,United States,north_america,29.7589382,-95.3676974,135,21.758333333333336,4,8,6,8,10,6,6,10,7,12.1,14.7,18.6,21.3,25.2,28.2,29.4,29.5,27.2,22.8,17.4,14.7,kaggle_worldwide_travel_cities,"A sprawling city where vibrant cultural districts, lively food scenes, and lush parks create a welcoming atmosphere full of discovery and warmth."
San Diego,United States,north_america,32.7174202,-117.162772,135,18.216666666666665,10,8,8,8,8,8,8,8,7,14.4,14.8,15.9,17.3,17.7,19.4,21.6,22.8,22.5,20.5,17.2,14.5,kaggle_worldwide_travel_cities,"Sun-drenched beaches, vibrant neighborhoods, and an easygoing vibe invite you to savor ocean breezes and explore diverse, lively cultural spots."
Ladakh,India,asia,34.0242098,77.2036739,70,6.808333333333334,2,8,10,2,6,10,6,2,7,-5.9,-3.3,3.1,6.6,10.8,14.8,18.8,18.6,15.0,7.0,0.5,-4.3,kaggle_worldwide_travel_cities,"Rugged landscapes with towering mountains and serene monasteries create a tranquil yet awe-inspiring atmosphere, perfect for those seeking adventure and peace."
Chefchaouen,Morocco,africa,35.1700832,-5.2766582971063976,70,19.18333333333333,2,8,8,4,8,6,6,4,7,13.5,14.1,15.2,17.0,19.7,22.9,25.8,26.0,23.7,20.7,16.9,14.7,kaggle_worldwide_travel_cities,"Wander through winding blue-washed alleys, breathe in the fresh mountain air, and feel a serene calm envelop you in this charming town."
Lviv,Ukraine,europe,49.841952,24.0315921,70,9.35,2,10,6,6,8,4,6,6,7,-1.2,0.5,3.5,9.0,13.9,18.6,19.6,19.8,14.9,9.2,3.8,0.6,kaggle_worldwide_travel_cities,"Cobblestone streets, charming coffeehouses, and a rich tapestry of history and culture create a warm and inviting atmosphere for exploration."
Nashville,United States,north_america,36.1622767,-86.7742984,135,16.708333333333332,2,8,4,10,8,4,6,8,7,4.6,7.4,12.0,16.1,21.2,25.6,27.4,26.3,23.5,17.5,11.0,7.9,kaggle_worldwide_travel_cities,"Lively streets filled with music and friendly faces, where the aroma of Southern cuisine mingles with the vibrant energy of live performances."
Cleveland,United States,north_america,41.4996574,-81.6936772,135,12.191666666666665,4,8,6,6,8,4,6,6,7,-0.8,0.3,4.5,9.8,16.3,21.5,24.4,23.7,21.0,14.6,7.8,3.2,kaggle_worldwide_travel_cities,"A city where industrial roots meet cultural renaissance, offering lively arts scenes, lakefront breezes, and a welcoming Midwestern charm."
Ronda,Spain,europe,36.7421339,-5.1665916,135,18.608333333333334,2,8,8,4,8,6,6,4,7,10.1,11.8,13.7,16.6,20.6,24.1,27.8,28.1,24.2,20.3,14.4,11.6,kaggle_worldwide_travel_cities,Dramatic cliffs and a historic stone bridge create a breathtaking backdrop for wandering cobblestone streets and savoring local wines in sunlit plazas.
London,United Kingdom,europe,51.4893335,-0.1440550845276872,240,11.316666666666668,2,10,6,10,10,4,6,10,7,4.6,6.1,8.1,9.6,13.0,16.5,18.2,17.7,15.2,12.0,7.9,6.9,kaggle_worldwide_travel_cities,"Iconic landmarks, bustling markets, and a rich tapestry of culture create a vibrant atmosphere that feels both historic and ever-evolving."
Rochester,United States,north_america,43.157285,-77.615214,135,10.2,4,6,6,6,6,4,6,6,7,-2.8,-1.8,2.3,8.0,15.2,19.9,22.7,21.8,18.3,12.0,5.6,1.2,kaggle_worldwide_travel_cities,"Charming and unhurried, with scenic river views, vibrant arts, and a welcoming community vibe that makes you feel right at home."
Namibia,Namibia,africa,-23.2335499,17.3231107,135,21.008333333333336,4,6,10,4,6,10,6,4,7,23.9,23.7,22.5,20.5,18.3,14.8,15.0,17.9,21.8,24.3,24.8,24.6,kaggle_worldwide_travel_cities,"Vast desert landscapes meet rugged coastlines, creating a sense of awe and solitude, while vibrant wildlife offers thrilling encounters in nature."
Memphis,United States,north_america,35.1460249,-90.0517638,135,17.816666666666666,2,8,4,8,8,6,6,6,7,5.6,8.0,13.2,17.0,22.4,26.7,28.4,27.6,25.2,18.8,12.1,8.8,kaggle_worldwide_travel_cities,"Blues music fills the air as you wander through lively streets, savoring the aroma of smoky barbecue and the warmth of Southern hospitality."
Ashgabat,Turkmenistan,asia,37.9404648,58.3823487,240,18.275000000000002,2,6,4,4,6,4,4,6,7,4.4,6.7,12.3,18.6,25.0,31.2,33.0,30.6,25.3,17.1,10.0,5.1,kaggle_worldwide_travel_cities,"Marble-clad buildings rise against a backdrop of desert landscapes, offering a surreal blend of modernity and tradition with a touch of mystery."
Tulum,Mexico,north_america,20.429647,-87.6529306,135,27.158333333333335,10,6,8,6,8,8,10,4,7,23.9,24.9,26.8,28.8,29.2,28.7,28.8,28.6,28.5,27.2,25.7,24.8,kaggle_worldwide_travel_cities,"Pristine beaches with turquoise waters meet ancient ruins and vibrant jungle, creating an inviting blend of relaxation and adventure."
Honolulu,United States,oceania,21.304547,-157.855676,240,25.575,10,8,10,8,8,8,8,8,7,23.6,23.5,23.8,24.8,25.5,26.6,27.4,27.6,27.5,26.7,25.7,24.2,kaggle_worldwide_travel_cities,"Golden beaches meet vibrant city life, where the scent of plumeria and the sounds of ukulele create a laid-back, tropical vibe."
Tashkent,Uzbekistan,asia,41.3123363,69.2787079,70,16.275,2,8,6,6,8,6,6,6,7,3.2,6.0,11.3,17.1,22.9,28.2,30.4,27.6,22.3,14.7,7.9,3.7,kaggle_worldwide_travel_cities,"Wide avenues lined with Soviet-era architecture meet vibrant bazaars, creating a unique blend of history and lively local culture."
Yangshuo,China,asia,24.8630286,110.4871831,70,20.116666666666664,4,6,10,4,6,8,6,4,7,9.9,11.0,15.6,20.2,24.1,26.8,28.8,28.6,27.2,21.7,16.7,10.8,kaggle_worldwide_travel_cities,Lush karst mountains and tranquil rivers create a serene backdrop for cycling through rice paddies and exploring vibrant local markets.
Kuala Lumpur,Malaysia,asia,3.1526589,101.7022205,135,28.091666666666665,4,8,6,8,10,6,6,10,7,27.5,28.2,28.4,28.6,28.7,28.4,28.4,28.3,27.9,27.9,27.4,27.4,kaggle_worldwide_travel_cities,"Bustling streets filled with diverse aromas and vibrant markets create a lively atmosphere, blending modern skyscrapers with rich cultural heritage."
Cornwall,United Kingdom,europe,50.4433489,-4.62465658489158,135,12.0,10,6,10,4,6,8,6,4,7,7.1,8.1,9.0,10.0,12.6,15.1,16.8,17.1,15.7,13.0,10.4,9.1,kaggle_worldwide_travel_cities,"Rugged coastlines, charming villages, and sweeping beaches offer a sense of tranquility and timeless beauty, perfect for unwinding and exploring."
Dhaka,Bangladesh,asia,23.7643863,90.3890144,70,26.366666666666664,2,8,4,6,8,4,4,6,7,18.7,21.8,26.8,28.8,29.5,29.4,29.4,29.4,29.5,28.0,24.6,20.5,kaggle_worldwide_travel_cities,"A whirlwind of vibrant street life, bustling markets, and a rich tapestry of history and culture, offering endless sensory experiences."
Seattle,United States,north_america,47.6038321,-122.330062,240,12.233333333333333,4,8,8,6,8,6,6,10,7,6.0,6.0,8.1,10.9,14.7,17.5,20.4,20.4,17.1,12.2,8.0,5.5,kaggle_worldwide_travel_cities,"A city where misty mornings blend with vibrant markets and lush green spaces, offering a cozy yet dynamic urban experience."
Bishkek,Kyrgyzstan,asia,42.8777895,74.6066926,70,12.466666666666667,2,6,8,6,6,8,4,6,7,-1.5,1.5,7.8,13.8,18.8,24.2,27.0,24.5,19.0,11.2,3.8,-0.5,kaggle_worldwide_travel_cities,Wide boulevards lined with Soviet-era architecture and bustling bazaars create a unique blend of history and vibrant local life.
Siem Reap,Cambodia,asia,13.3617562,103.8590321,70,28.075,2,10,8,6,8,6,6,6,7,25.8,27.4,29.4,30.4,29.7,29.1,28.4,28.2,27.7,27.6,27.3,25.9,kaggle_worldwide_travel_cities,"Ancient temples rise through the jungle mist, while bustling markets and vibrant street food create a lively, sensory-rich experience."
Valdivia,Chile,south_america,-39.8141262,-73.2459859,135,11.275,6,6,8,6,8,8,6,6,7,16.7,16.5,13.3,11.0,8.9,7.4,7.0,7.5,8.6,10.5,12.9,15.0,kaggle_worldwide_travel_cities,"Riverside charm and lush green landscapes create a serene atmosphere, with the scent of fresh seafood and the sound of birdsong nearby."
Salta,Argentina,south_america,-25.1076701,-64.3494964,135,16.708333333333332,2,8,10,6,8,8,6,6,7,21.4,20.3,19.5,16.6,13.1,10.6,10.1,12.7,15.1,19.1,20.5,21.5,kaggle_worldwide_travel_cities,"Stunning mountain landscapes, vibrant local markets, and the warmth of traditional folklore create an inviting and colorful atmosphere."
Split,Croatia,europe,43.5116383,16.4399659,135,17.76666666666667,8,8,8,8,8,6,6,6,7,8.6,10.1,11.7,15.4,20.0,25.4,28.4,28.0,22.9,18.4,13.9,10.4,kaggle_worldwide_travel_cities,Wander through ancient stone streets where the Adriatic breeze mingles with lively chatter and the scent of fresh seafood from bustling markets.
Galápagos Islands,Ecuador,south_america,-0.62881505,-90.3638752022324,240,24.741666666666664,8,6,10,2,6,10,4,2,7,25.7,26.6,26.8,26.1,25.8,24.5,24.0,23.6,23.1,23.1,23.2,24.4,kaggle_worldwide_travel_cities,"Pristine landscapes teeming with unique wildlife create an atmosphere of untouched beauty, where every moment feels like an intimate encounter with nature."
Florence,Italy,europe,43.7697955,11.2556404,135,16.316666666666663,2,10,6,6,10,4,6,8,7,6.8,9.4,11.7,14.0,18.2,23.4,26.6,26.7,22.2,16.7,11.9,8.2,kaggle_worldwide_travel_cities,"Cobblestone streets filled with art, the aroma of fresh espresso, and vibrant piazzas create a captivating blend of history and modern life."
Philadelphia,United States,north_america,39.9527237,-75.1635262,135,14.366666666666667,2,8,6,8,8,4,6,8,7,1.9,3.5,7.7,13.0,18.3,23.4,26.7,25.7,22.0,15.9,9.3,5.0,kaggle_worldwide_travel_cities,"Historic cobblestone streets meet a vibrant arts scene, with lively markets and diverse neighborhoods creating a welcoming and dynamic urban experience."
Bordeaux,France,europe,44.841225,-0.5800364,135,14.424999999999999,4,8,6,6,10,4,6,8,7,6.9,8.5,10.5,13.2,16.5,20.2,22.2,22.1,19.0,15.2,10.5,8.3,kaggle_worldwide_travel_cities,"Strolling through sun-dappled streets, you'll find stunning architecture, vibrant markets, and the rich aroma of freshly baked baguettes filling the air."
Strasbourg,France,europe,48.584614,7.7507127,135,12.100000000000001,2,10,6,6,8,4,6,8,7,3.2,4.9,7.7,11.2,15.6,20.1,21.5,21.1,16.7,12.0,6.8,4.4,kaggle_worldwide_travel_cities,"Charming cobblestone streets lined with half-timbered houses, the aroma of freshly baked pastries, and the gentle flow of the canals create a fairy-tale ambiance."
Palau,Palau,oceania,5.3783537,132.9102573,240,26.925,10,6,10,4,6,10,6,4,7,26.8,26.7,26.9,27.1,27.1,26.9,26.8,26.8,26.9,27.0,27.1,27.0,kaggle_worldwide_travel_cities,"Crystal-clear waters teeming with marine life, lush forests, and a serene atmosphere offer a tranquil escape for nature lovers and adventurers alike."
St. George's,Grenada,north_america,12.0535331,-61.751805,135,27.791666666666668,10,6,8,6,8,6,8,4,7,26.7,26.7,27.0,27.6,28.3,28.2,28.2,28.4,28.9,28.5,27.9,27.1,kaggle_worldwide_travel_cities,"Colorful streets wind around a picturesque harbor, where the scent of spices mingles with the sea breeze, creating a vibrant, laid-back charm."
Debrecen,Hungary,europe,47.531399,21.6259782,70,11.941666666666668,2,6,6,6,6,4,6,6,7,0.2,3.1,6.6,11.7,16.6,21.6,23.0,23.2,17.8,11.7,5.8,2.0,kaggle_worldwide_travel_cities,"Tree-lined streets, charming squares, and a blend of old-world charm with modern vibrancy create a welcoming and relaxed atmosphere."
Jaipur,India,asia,26.9154576,75.8189817,70,26.233333333333334,2,10,6,6,8,6,6,6,7,15.5,20.3,25.5,31.0,34.1,33.4,30.0,28.6,29.1,27.9,22.3,17.1,kaggle_worldwide_travel_cities,"A tapestry of vibrant colors and bustling markets, where ancient forts and palaces echo the grandeur of a rich cultural heritage."
Crete,Greece,europe,35.3084952,24.46334231842296,135,18.849999999999998,10,8,10,6,10,8,8,6,7,11.1,12.0,13.6,16.5,20.4,24.9,27.3,26.9,24.1,20.0,16.6,12.8,kaggle_worldwide_travel_cities,"Sun-drenched beaches, ancient ruins, and vibrant local markets create a tapestry of experiences that feel both timeless and refreshingly alive."
Baltimore,United States,north_america,39.2908816,-76.610759,135,14.891666666666666,4,8,6,8,8,6,6,8,7,2.5,4.3,7.9,14.0,19.4,24.1,26.9,26.0,22.3,16.4,9.7,5.2,kaggle_worldwide_travel_cities,"Historic cobblestone streets meet vibrant waterfronts, offering a lively mix of seafood aromas, street art, and a welcoming, laid-back vibe."
Madang,Papua New Guinea,oceania,-5.0,145.5,70,26.099999999999998,8,8,10,4,6,8,4,4,7,26.2,25.9,26.1,26.0,26.2,25.9,26.0,26.0,26.4,26.3,26.2,26.0,kaggle_worldwide_travel_cities,"Tropical breezes, vibrant coral reefs, and lush rainforests create a serene paradise where nature and local culture warmly embrace visitors."
Taormina,Italy,europe,37.8512218,15.2830191,135,19.39166666666667,8,8,8,6,10,6,6,6,7,12.2,12.9,14.4,15.8,19.3,24.8,28.1,27.9,24.9,21.0,17.3,14.1,kaggle_worldwide_travel_cities,"Dramatic coastal views, ancient ruins, and charming piazzas create a picturesque setting that invites leisurely exploration and indulgent moments."
Takayama,Japan,asia,36.1396246,137.2510322,135,12.058333333333335,2,10,8,4,8,4,6,4,7,-0.7,0.2,4.8,10.8,16.0,19.8,24.2,24.9,20.9,13.8,7.9,2.1,kaggle_worldwide_travel_cities,"Charming wooden houses, serene streets, and the gentle flow of the river create a peaceful atmosphere perfect for unwinding and exploration."
Phoenix,United States,north_america,33.4484367,-112.074141,135,24.791666666666668,2,6,8,6,6,8,8,6,7,13.5,15.9,19.3,24.1,28.0,34.4,36.3,35.3,32.4,25.4,18.9,14.0,kaggle_worldwide_travel_cities,"Desert landscapes meet urban sophistication, offering vibrant arts, diverse dining, and endless sunshine, making every visit feel like a warm embrace."
Blantyre,Malawi,africa,-15.7862543,35.0035694,70,23.716666666666665,2,6,8,4,6,6,4,6,7,23.9,24.7,24.2,22.7,21.7,19.4,19.3,23.1,25.8,26.5,26.9,26.4,kaggle_worldwide_travel_cities,"A city where bustling markets, friendly locals, and the aroma of street food create a vibrant and welcoming atmosphere."
Caracas,Venezuela,south_america,10.5060934,-66.9146008,70,23.3,6,8,8,6,8,6,4,6,7,22.2,22.7,23.3,23.9,24.1,23.2,23.2,23.6,23.9,23.8,23.2,22.5,kaggle_worldwide_travel_cities,"Vibrant streets filled with lively music and bustling markets, surrounded by lush mountains and offering a mix of urban and natural beauty."
Da Lat,Vietnam,asia,11.9373899,108.4286786,70,20.26666666666667,2,6,10,4,8,8,8,6,7,18.6,19.9,21.2,21.7,21.5,20.9,20.6,20.5,20.3,19.9,19.5,18.6,kaggle_worldwide_travel_cities,"Misty mornings, lush pine forests, and vibrant markets create a serene escape with a refreshing blend of nature and local culture."
New York City,United States,north_america,40.7127281,-74.0060152,240,13.766666666666667,4,10,6,10,10,6,6,10,7,1.3,3.0,6.6,12.0,17.5,22.5,26.1,25.2,21.7,15.6,9.3,4.4,kaggle_worldwide_travel_cities,"Skyscrapers touch the sky as vibrant streets buzz with energy, offering a sensory overload of sights, sounds, and diverse cultures."
Sapa,Vietnam,asia,22.3359246,103.8426749,70,15.874999999999998,2,8,10,4,6,8,6,4,7,9.4,10.8,14.4,17.5,19.4,20.2,20.4,20.2,18.8,16.2,13.0,10.2,kaggle_worldwide_travel_cities,"Rolling green terraces and misty mountain vistas create a serene escape, where vibrant local cultures and tranquil landscapes embrace visitors warmly."
Guadalajara,Mexico,north_america,20.6720375,-103.338396,135,20.433333333333334,2,10,6,8,10,6,6,8,7,16.0,18.1,21.0,22.7,24.5,24.0,21.8,21.6,21.4,20.3,18.2,15.6,kaggle_worldwide_travel_cities,"Colorful streets, lively mariachi music, and the rich aroma of street food create an inviting blend of tradition and modernity."
Anchorage,United States,north_america,61.2163129,-149.894852,135,3.5083333333333333,4,6,10,4,6,8,6,6,7,-7.9,-6.4,-2.7,3.6,9.7,14.1,15.8,14.5,9.8,3.1,-4.8,-6.7,kaggle_worldwide_travel_cities,"Surrounded by breathtaking mountains and vast wilderness, this city offers a refreshing blend of rugged adventure and cozy urban charm."
Bhutan,Bhutan,asia,27.549511,90.5119273,240,9.608333333333333,2,10,10,2,6,8,8,4,7,2.1,4.1,6.5,9.5,12.1,14.6,15.0,15.5,13.8,10.5,7.3,4.3,kaggle_worldwide_travel_cities,"Mist-shrouded mountains and vibrant monasteries offer a serene escape, where spiritual tranquility and breathtaking landscapes merge for an unforgettable experience."
Samarkand,Uzbekistan,asia,39.6550017,66.9756954,70,15.399999999999999,2,10,6,4,8,6,4,6,7,3.1,5.5,10.6,16.0,21.5,26.6,28.7,26.0,21.2,14.0,7.7,3.9,kaggle_worldwide_travel_cities,"Ancient architecture glimmers under the sun, with vibrant bazaars and fragrant spices creating an intoxicating blend of history and culture."
Wellington,New Zealand,oceania,-41.2887953,174.7772114,135,14.225000000000001,6,8,8,8,8,6,6,8,7,18.0,18.1,16.7,15.0,13.4,11.5,10.6,10.8,11.7,13.2,14.9,16.8,kaggle_worldwide_travel_cities,"Charming harborside views, vibrant arts scene, and a cozy mix of urban buzz and nature create a welcoming, eclectic atmosphere."
Lahore,Pakistan,asia,31.5656822,74.3141829,70,24.874999999999996,2,10,4,6,10,6,6,8,7,12.6,17.3,22.2,27.8,32.3,33.5,31.3,31.1,30.2,26.3,19.7,14.2,kaggle_worldwide_travel_cities,"Bustling streets alive with vibrant colors and the aroma of spices, offering a rich tapestry of history, culture, and warm hospitality."
San Pedro de Atacama,Chile,south_america,-22.910832,-68.2001376,135,14.5,2,6,10,4,6,10,6,4,7,18.1,17.4,17.2,14.9,11.4,9.6,9.2,11.0,13.4,15.8,17.5,18.5,kaggle_worldwide_travel_cities,"Endless desert vistas meet surreal landscapes, where clear night skies reveal a tapestry of stars, creating an otherworldly sense of tranquility and wonder."
Madeira,Portugal,europe,32.751750099999995,-16.98174865726062,135,20.125,6,6,10,6,8,8,8,6,7,17.4,17.2,17.4,18.2,19.5,21.0,22.6,23.9,23.3,22.3,20.0,18.7,kaggle_worldwide_travel_cities,"Lush landscapes meet dramatic cliffs, where ocean breezes carry the scent of flowers and adventure awaits around every winding path."
Gjirokastër,Albania,europe,40.0770871,20.1393359,70,16.15,2,10,8,4,6,6,4,4,7,7.1,8.0,10.5,13.5,18.2,24.0,27.3,25.9,21.5,17.0,12.1,8.7,kaggle_worldwide_travel_cities,"Winding cobblestone streets and stone-roofed houses create a timeless atmosphere, with echoes of history in every corner and stunning mountain views."
Brisbane,Australia,oceania,-27.4689682,153.0234991,135,20.525000000000002,6,8,8,8,8,8,6,8,7,25.1,24.8,23.9,21.0,18.2,15.7,15.1,16.4,18.6,20.7,22.5,24.3,kaggle_worldwide_travel_cities,"Sun-drenched streets and lush riverside parks create a laid-back vibe, with vibrant markets and buzzing eateries adding a lively local flavor."
Cesky Krumlov,Czech Republic,europe,48.8106526,14.3150586,135,7.916666666666668,2,10,8,4,6,4,4,4,7,-2.2,-1.3,2.7,8.1,12.4,16.0,17.6,17.4,13.1,8.4,3.4,-0.6,kaggle_worldwide_travel_cities,"Winding cobblestone streets, charming medieval architecture, and the gentle flow of the Vltava River create a fairy-tale atmosphere you'll never forget."
Basseterre,Saint Kitts and Nevis,north_america,17.2960919,-62.722301,135,27.266666666666666,8,6,8,6,8,6,6,4,7,25.7,25.6,25.8,26.4,27.7,28.4,28.3,28.6,28.8,28.1,27.4,26.4,kaggle_worldwide_travel_cities,"Lush landscapes and vibrant markets create a lively yet laid-back atmosphere, where the rhythm of island life feels both invigorating and soothing."
Honiara,Solomon Islands,oceania,-9.4310769,159.9552552,135,27.266666666666666,6,6,8,4,4,6,4,4,7,27.7,27.4,27.4,27.3,27.4,27.0,26.8,26.8,27.1,27.4,27.4,27.5,kaggle_worldwide_travel_cities,"Lush tropical landscapes meet vibrant local markets, offering an authentic and immersive experience in a laid-back island atmosphere."
Siena,Italy,europe,43.16720595,11.467561040475552,135,14.683333333333332,2,10,6,4,8,4,6,6,7,6.4,7.0,10.0,13.0,17.2,21.2,24.1,24.4,19.7,15.4,10.7,7.1,kaggle_worldwide_travel_cities,"Medieval streets wind through sunlit squares, where the aroma of fresh pasta mingles with the echoes of vibrant local life."
La Palma,Spain,europe,28.6551163,-17.857268565579673,135,21.208333333333336,6,6,10,4,6,8,8,4,7,18.7,18.5,18.8,19.6,20.7,22.1,23.2,24.3,24.0,23.3,21.4,19.9,kaggle_worldwide_travel_cities,"Lush landscapes and volcanic vistas create a serene atmosphere, inviting you to explore its quiet trails and charming coastal villages."
Ghent,Belgium,europe,51.0538286,3.7250121,135,11.933333333333332,2,10,6,8,8,4,6,8,7,4.5,6.6,8.4,10.2,13.6,18.1,18.7,19.3,16.4,13.0,8.2,6.2,kaggle_worldwide_travel_cities,"Charming canals and medieval architecture create a cozy atmosphere, inviting you to wander through cobblestone streets and discover hidden corners filled with history."
Sao Paulo,Brazil,south_america,-23.5506507,-46.6333824,135,20.3,4,10,4,10,10,6,6,10,7,23.0,22.6,22.4,20.8,18.7,17.5,17.2,18.0,20.0,20.6,20.6,22.2,kaggle_worldwide_travel_cities,"Energetic streets buzz with life, offering a tapestry of art, diverse cuisine, and vibrant nightlife that captivates every sense."
Monteverde,Costa Rica,north_america,10.29115145,-84.81364393886889,135,20.575,2,6,10,4,6,10,6,2,7,20.1,20.6,21.3,21.8,21.2,20.7,20.6,20.6,20.2,19.9,19.9,20.0,kaggle_worldwide_travel_cities,"Misty cloud forests and vibrant wildlife create an enchanting atmosphere, where every trail offers a new sensory delight and adventure."
Nukuʻalofa,Tonga,oceania,-21.1343401,-175.201808,135,24.36666666666667,8,6,8,4,6,6,6,4,7,26.5,26.6,26.0,25.5,24.3,22.9,22.2,21.8,22.4,23.2,24.9,26.1,kaggle_worldwide_travel_cities,"Warm ocean breezes and vibrant markets create a welcoming atmosphere, where the gentle rhythm of island life invites endless exploration."
Birmingham,United Kingdom,europe,52.4796992,-1.9026911,135,10.899999999999999,2,8,6,6,8,4,6,8,7,4.8,6.3,7.6,8.9,12.8,15.5,17.6,17.1,14.7,11.3,7.8,6.4,kaggle_worldwide_travel_cities,"A dynamic mix of industrial charm and modern culture, offering vibrant markets, eclectic eateries, and a rich musical heritage that captivates visitors."
Tuscany,Italy,europe,43.4586541,11.1389204,135,15.191666666666665,4,10,10,6,10,6,8,6,7,5.5,7.5,10.0,12.2,16.9,22.9,26.4,26.0,21.0,16.1,10.9,6.9,kaggle_worldwide_travel_cities,"Rolling hills, sun-drenched vineyards, and charming medieval towns create a picturesque landscape that invites leisurely exploration and indulgent culinary experiences."
Charlottetown,Canada,north_america,46.234953,-63.132935,135,6.583333333333332,6,8,8,4,6,6,6,4,7,-5.5,-6.1,-2.4,3.1,9.2,14.9,19.5,19.6,15.2,9.6,3.6,-1.7,kaggle_worldwide_travel_cities,Charming streets lined with historic buildings and a gentle sea breeze create a welcoming atmosphere perfect for leisurely exploration and relaxation.
St. Louis,United States,north_america,38.6280278,-90.1910154,135,14.374999999999998,2,8,6,6,8,6,6,8,7,0.4,2.7,9.2,14.0,19.8,25.3,26.7,24.8,22.1,15.2,8.1,4.2,kaggle_worldwide_travel_cities,"A fusion of historic charm and modern vibrancy, with leafy parks, jazz-filled streets, and the iconic arch creating a welcoming urban atmosphere."
Las Vegas,United States,north_america,36.1672719,-115.1483538,240,21.8,2,6,4,10,8,6,6,10,7,9.7,12.3,15.9,21.1,25.3,32.6,35.2,33.8,29.4,22.0,14.4,9.9,kaggle_worldwide_travel_cities,"Bright lights and endless energy create an exhilarating atmosphere, where entertainment options are as vast and varied as the desert surrounding it."
Detroit,United States,north_america,42.3315509,-83.0466403,135,10.391666666666667,2,8,4,6,6,4,4,8,7,-3.1,-2.1,2.6,8.3,15.4,20.8,23.1,22.3,18.8,12.3,5.4,0.9,kaggle_worldwide_travel_cities,"Industrial charm meets vibrant arts and music scenes, where historic architecture and modern innovation create a dynamic and inviting urban experience."
Suzhou,China,asia,31.311123,120.6212881,135,16.983333333333334,2,10,8,6,8,4,6,6,7,4.7,6.1,11.6,16.3,21.2,25.1,29.1,28.5,24.3,18.6,13.2,5.1,kaggle_worldwide_travel_cities,"Serene gardens, ancient canals, and the gentle rustle of willow trees create a peaceful escape that invites you to slow down and unwind."
Sardinia,Italy,europe,40.0912813,9.0305773,135,17.891666666666662,10,6,10,6,8,8,8,6,7,10.6,11.3,13.1,14.8,19.0,23.7,27.5,26.4,22.8,18.7,14.7,12.1,kaggle_worldwide_travel_cities,"Crystal-clear waters, rugged coastlines, and charming villages create a serene escape where you can unwind and savor local flavors."
Port Vila,Vanuatu,oceania,-17.7414972,168.3150163,135,24.833333333333332,8,6,10,4,6,8,8,4,7,26.6,27.2,26.6,25.9,24.1,23.1,22.8,22.6,23.2,24.4,25.2,26.3,kaggle_worldwide_travel_cities,"Lush greenery meets turquoise waters, where vibrant markets and friendly locals create a warm, inviting atmosphere amidst tropical island breezes."
Sibiu,Romania,europe,45.7973912,24.1519202,70,10.866666666666667,2,8,8,6,6,6,6,6,7,1.4,2.4,5.8,9.7,14.6,19.4,21.2,21.0,16.6,10.8,5.7,1.8,kaggle_worldwide_travel_cities,"Charming cobblestone streets and vibrant squares create a cozy atmosphere, inviting you to explore its rich history and welcoming local culture."
Luxor,Egypt,africa,25.702096,32.647186,70,26.38333333333333,2,10,6,4,8,6,4,6,7,15.4,16.9,21.4,27.2,31.7,34.5,34.8,34.7,32.5,28.4,22.1,17.0,kaggle_worldwide_travel_cities,"Sun-drenched landscapes and ancient temples create an awe-inspiring atmosphere, where history feels alive amid the vibrant local culture and bustling markets."
Providenciales,Turks and Caicos,north_america,21.81444705,-72.15098494353239,240,25.36666666666667,10,4,8,6,8,6,8,4,7,23.6,24.3,25.2,26.6,27.0,27.2,27.0,26.4,25.4,24.7,24.0,23.0,kaggle_worldwide_travel_cities,"Crystal-clear turquoise waters, powdery white sand beaches, and a laid-back island vibe create a serene paradise perfect for unwinding and rejuvenating."
Siwa Oasis,Egypt,africa,29.215497900000003,25.468972583438237,70,22.658333333333335,2,8,10,2,6,6,8,2,7,12.3,13.9,17.7,22.5,27.3,30.3,31.3,31.5,28.7,23.8,18.5,14.1,kaggle_worldwide_travel_cities,"Wandering through sun-drenched palm groves and ancient ruins, you feel the timeless tranquility and unique charm of this remote desert haven."
Mombasa,Kenya,africa,-4.05052,39.667169,135,26.958333333333332,10,8,8,6,8,8,6,6,7,28.0,28.4,28.9,28.2,26.6,25.7,24.9,25.0,25.6,26.7,27.5,28.0,kaggle_worldwide_travel_cities,"Lively markets, stunning beaches, and a fusion of cultures create a vibrant atmosphere where you can feel the ocean breeze and hear Swahili melodies."
Dushanbe,Tajikistan,asia,38.5762709,68.7863573,70,16.458333333333332,2,6,8,4,6,8,4,4,7,4.2,6.9,11.8,16.5,21.4,26.7,29.7,27.2,22.7,15.6,9.4,5.4,kaggle_worldwide_travel_cities,"Tree-lined avenues and Soviet-era architecture blend with bustling bazaars, creating a unique atmosphere where tradition and modernity coexist harmoniously."
Cuzco,Peru,south_america,-13.51695415,-71.97927120704406,70,12.883333333333335,2,10,10,6,8,8,6,6,7,13.3,13.2,13.2,13.0,11.9,11.1,11.0,12.5,13.5,14.0,14.6,13.3,kaggle_worldwide_travel_cities,"Cobblestone streets, vibrant markets, and the scent of fresh Andean cuisine surround you in a city where ancient history meets lively modern culture."
Nara,Japan,asia,34.2963089,135.8816819,135,17.0,2,10,8,4,8,4,6,6,7,7.0,7.8,11.4,15.5,19.2,22.3,26.3,27.4,24.3,19.2,14.4,9.2,kaggle_worldwide_travel_cities,"Ancient temples, serene deer-filled parks, and tranquil gardens offer a peaceful escape, inviting you to wander and reflect in harmony with nature."
Buenos Aires,Argentina,south_america,-34.6083696,-58.4440583,135,18.566666666666666,4,10,4,10,10,6,6,10,7,25.4,24.7,22.4,19.1,14.8,12.4,11.7,13.5,15.5,17.9,21.5,23.9,kaggle_worldwide_travel_cities,"Lively streets filled with tango rhythms, vibrant markets, and historic architecture create an irresistible blend of culture and energy."
Córdoba,Argentina,south_america,-31.4166867,-64.1834193,135,18.091666666666665,2,8,8,6,8,6,6,8,7,24.5,22.8,21.1,18.2,13.9,11.1,10.8,13.7,16.3,18.7,22.0,24.0,kaggle_worldwide_travel_cities,"Historic streets buzz with student energy, colonial architecture, and a lively arts scene, offering a vibrant mix of tradition and modernity."
Sydney,Australia,oceania,-33.8698439,151.2082848,240,18.975,10,8,8,8,8,8,6,10,7,23.9,23.5,22.3,19.6,16.4,13.8,13.6,14.7,17.0,19.3,20.9,22.7,kaggle_worldwide_travel_cities,"A lively harbor city where golden beaches meet urban sophistication, offering a blend of vibrant culture and stunning natural beauty."
Hualien,Taiwan,asia,23.9913421,121.6197276,135,24.05,6,6,10,4,8,8,6,6,7,20.0,21.0,20.9,22.7,24.4,27.0,29.3,28.9,27.4,24.5,22.0,20.5,kaggle_worldwide_travel_cities,"Nestled between lush mountains and the Pacific Ocean, this place offers stunning landscapes, tranquil vibes, and a welcoming local culture."
Vienna,Austria,europe,48.2083537,16.3725042,135,12.708333333333334,2,10,6,8,10,4,8,10,7,2.5,5.0,7.0,12.0,16.2,21.6,23.3,23.0,18.0,12.7,7.3,3.9,kaggle_worldwide_travel_cities,"Grand architecture and cobblestone streets set a charming backdrop for cozy coffeehouses and vibrant cultural scenes, inviting leisurely exploration."
Baku,Azerbaijan,asia,40.3755885,49.8328009,135,15.991666666666667,4,8,6,8,8,6,6,8,7,6.1,6.0,8.3,13.2,18.5,25.2,27.4,27.1,23.0,17.0,11.9,8.2,kaggle_worldwide_travel_cities,"A city where futuristic architecture meets ancient history, offering a unique blend of modernity and tradition with a lively, welcoming atmosphere."
Minsk,Belarus,europe,53.9024716,27.5618225,70,8.183333333333334,2,6,6,6,6,4,4,6,7,-3.0,-1.8,2.3,7.7,13.4,18.7,19.0,19.3,13.7,7.5,2.3,-0.9,kaggle_worldwide_travel_cities,"Wide boulevards and Soviet-era architecture mix with vibrant cafes and green parks, offering a unique blend of history and modern charm."
Santa Cruz,Bolivia,south_america,-17.333333,-61.5,70,27.325,4,6,8,6,6,8,6,6,7,28.7,28.1,28.0,27.0,24.3,23.3,24.4,26.6,28.6,29.9,29.7,29.3,kaggle_worldwide_travel_cities,"Vibrant streets buzz with the energy of lively markets and the aroma of street food, set against a backdrop of lush green parks."
Mostar,Bosnia and Herzegovina,europe,43.3435855,17.8076584,70,17.066666666666666,2,8,8,6,8,6,6,6,7,6.2,9.2,11.4,15.2,19.1,25.1,28.9,28.6,22.9,17.5,12.3,8.4,kaggle_worldwide_travel_cities,"Cobblestone streets, the sound of the river below, and the iconic bridge create a charming and reflective atmosphere in this historic town."
Salvador da Bahia,Brazil,south_america,-13.2432762,-43.3742847,135,27.15833333333333,8,10,8,8,10,6,6,6,7,26.5,26.9,27.7,27.4,26.5,25.5,24.7,26.6,29.3,29.9,27.4,27.5,kaggle_worldwide_travel_cities,"Lively streets filled with music and dance, vibrant markets, and stunning coastal views create an energetic yet laid-back atmosphere."
Bujumbura,Burundi,africa,-3.3638125,29.3675028,70,24.424999999999997,6,6,8,4,6,6,4,4,7,24.0,24.3,24.3,24.2,25.0,24.7,24.3,24.7,25.1,24.7,23.9,23.9,kaggle_worldwide_travel_cities,"A city where vibrant street markets and lush lakeside views create an inviting atmosphere, full of lively interactions and serene moments."
Yaoundé,Cameroon,africa,3.8689867,11.5213344,70,24.441666666666666,2,8,6,6,8,6,4,6,7,25.0,25.6,25.3,24.8,24.7,23.9,23.6,23.6,23.6,23.8,24.6,24.8,kaggle_worldwide_travel_cities,Lush greenery and vibrant markets create a lively atmosphere filled with the scent of street food and the rhythm of local music.
Galway,Ireland,europe,53.2744122,-9.0490601,135,10.583333333333334,6,8,8,8,8,6,6,6,7,6.2,6.4,7.8,9.4,11.9,14.2,16.2,15.8,13.8,11.0,8.0,6.3,kaggle_worldwide_travel_cities,Charming cobblestone streets and vibrant pubs filled with music create an inviting atmosphere where the warmth of the locals is unforgettable.
Calgary,Canada,north_america,51.0456064,-114.057541,135,5.266666666666668,2,8,10,6,6,8,6,8,7,-5.5,-6.9,-1.6,4.6,10.9,15.3,18.2,17.5,12.3,5.4,-1.0,-6.0,kaggle_worldwide_travel_cities,"A dynamic blend of urban sophistication and stunning natural landscapes, where vibrant arts scenes meet the majestic Rockies under vast blue skies."
Halifax,Canada,north_america,44.648618,-63.5859487,135,8.391666666666666,6,8,8,6,8,6,6,6,7,-2.0,-2.9,0.0,5.2,9.9,14.9,19.5,20.1,17.0,11.8,6.1,1.1,kaggle_worldwide_travel_cities,"Charming coastal vibes blend with historic architecture, lively pubs, and the salty breeze, creating an inviting and laid-back maritime atmosphere."
Sal,Cape Verde,africa,16.720455649999998,-22.93867612702632,135,24.200000000000003,10,4,6,6,6,6,6,4,7,22.1,21.5,21.6,22.4,23.2,24.4,25.6,26.8,27.5,26.8,25.2,23.3,kaggle_worldwide_travel_cities,"Golden beaches meet turquoise waters under a sun that never seems to set, creating a laid-back vibe perfect for unwinding."
Bath,United Kingdom,europe,51.3813864,-2.3596963,135,11.283333333333333,2,10,6,6,8,4,10,6,7,5.2,6.8,8.1,9.4,12.8,15.6,17.7,17.4,15.2,12.0,8.4,6.8,kaggle_worldwide_travel_cities,"Charming cobblestone streets, historic architecture, and the soothing warmth of natural hot springs create a serene and inviting experience."
Pristina,Kosovo,europe,42.6638771,21.1640849,70,12.483333333333334,2,6,4,6,6,4,4,6,7,1.4,4.3,7.7,11.1,15.8,20.8,23.4,22.9,18.1,13.0,7.8,3.5,kaggle_worldwide_travel_cities,"A city where vibrant street life, intriguing history, and the aroma of freshly brewed coffee blend into a unique and welcoming atmosphere."
Belgrade,Serbia,europe,44.8178131,20.4568974,70,14.200000000000001,4,8,6,10,8,6,6,8,7,2.9,6.0,8.8,13.7,18.1,22.9,25.2,25.1,20.0,14.3,8.8,4.6,kaggle_worldwide_travel_cities,"Lively streets filled with eclectic architecture, vibrant nightlife, and a fusion of Eastern and Western influences create an inviting, energetic atmosphere."
Dallas,United States,north_america,32.7762719,-96.7968559,135,20.366666666666667,2,8,4,8,8,6,6,8,7,8.5,10.7,16.3,19.5,24.2,28.7,31.0,30.8,27.4,21.2,14.8,11.3,kaggle_worldwide_travel_cities,"A lively mix of modern skyscrapers and historic districts, this city offers a dynamic atmosphere with vibrant arts, cuisine, and culture."
Guilin,China,asia,25.2779894,110.2910622,70,20.141666666666666,2,6,10,4,6,8,6,4,7,9.9,11.2,15.7,20.2,24.1,26.8,28.8,28.6,27.2,21.7,16.7,10.8,kaggle_worldwide_travel_cities,"Lush karst mountains rise dramatically above serene rivers and rice paddies, offering a tranquil escape with breathtaking natural beauty at every turn."
Hallstatt,Austria,europe,47.5621698,13.6486697,135,9.424999999999999,4,8,10,4,6,6,6,4,7,-0.1,2.4,5.6,8.7,11.8,18.3,18.6,18.2,14.1,10.3,4.1,1.1,kaggle_worldwide_travel_cities,"Nestled by a serene lake, this picturesque village enchants with its cobblestone streets, alpine views, and a tranquil, timeless atmosphere."
Nicosia,Cyprus,europe,35.1746503,33.3638783,135,20.316666666666666,4,8,6,6,8,6,6,8,7,11.0,11.1,14.8,18.6,22.6,27.2,30.8,29.5,26.3,21.6,17.0,13.3,kaggle_worldwide_travel_cities,"Wander through leafy streets where ancient history meets modern life, with a vibrant café culture and a warm, welcoming atmosphere."
San José,Costa Rica,north_america,9.9325427,-84.0795782,135,22.291666666666668,4,6,10,6,8,8,8,6,7,22.1,22.1,22.8,23.1,22.8,22.3,22.4,22.4,22.0,21.6,21.7,22.2,kaggle_worldwide_travel_cities,Bustling streets filled with vibrant markets and lush parks create an inviting mix of urban energy and natural beauty.
Havana,Cuba,north_america,23.135305,-82.3589631,70,25.700000000000003,6,10,6,8,8,6,4,6,7,22.4,23.5,24.0,25.9,26.9,27.2,28.1,28.1,27.9,26.5,24.6,23.3,kaggle_worldwide_travel_cities,"Colorful streets alive with the rhythm of salsa, vintage cars cruising past, and the scent of cigars create an unforgettable atmosphere."
Roseau,Dominica,north_america,15.4238539,-61.34165132887498,70,26.433333333333334,6,6,10,4,6,8,8,4,7,25.0,24.8,25.2,25.9,27.1,27.4,27.4,27.6,27.5,27.3,26.5,25.5,kaggle_worldwide_travel_cities,"Lush greenery envelops vibrant markets and colorful architecture, creating a lively and welcoming atmosphere infused with the scent of tropical blooms."
Carcassonne,France,europe,43.2130358,2.3491069,135,14.908333333333331,2,10,6,4,8,4,6,6,7,6.8,8.7,10.7,12.7,16.4,21.0,23.9,23.9,20.2,15.8,10.6,8.2,kaggle_worldwide_travel_cities,"Strolling through cobbled streets surrounded by medieval walls, you feel transported to another era, with vibrant markets and cozy restaurants at every turn."
Lagos,Portugal,europe,37.1027964,-8.6728689,135,18.241666666666664,10,6,8,8,8,8,6,6,7,14.7,15.0,15.8,16.7,18.7,20.2,21.8,22.0,21.4,19.7,17.2,15.7,kaggle_worldwide_travel_cities,"Charming cobblestone streets lead to golden beaches and dramatic cliffs, where the ocean breeze mingles with the aroma of grilled seafood."
Alexandria,Egypt,africa,31.1991806,29.8951716,70,21.850000000000005,6,8,6,6,8,4,4,8,7,14.6,15.1,17.1,19.9,23.3,26.1,28.1,28.6,27.6,24.4,20.8,16.6,kaggle_worldwide_travel_cities,"Bustling streets filled with the aroma of spices, historic sites whispering ancient tales, and a vibrant coastal vibe create a unique charm."
Tallinn,Estonia,europe,59.4372155,24.7453688,135,7.2,4,8,6,6,8,4,6,8,7,-2.2,-1.5,0.5,4.9,11.0,16.0,17.6,17.2,12.9,7.2,3.0,-0.2,kaggle_worldwide_travel_cities,"Medieval lanes, vibrant markets, and the scent of fresh pastries create an enchanting atmosphere that's both historic and inviting."
Paris,France,europe,48.8588897,2.3200410217200766,240,13.266666666666666,2,10,6,10,10,4,8,10,7,5.5,6.8,9.0,12.3,15.7,19.9,21.6,21.3,17.6,13.6,8.9,7.0,kaggle_worldwide_travel_cities,Charming streets lined with artful boutiques and the aroma of freshly baked pastries create a romantic and timeless atmosphere.
Puglia,Italy,europe,40.9842539,16.6210027,135,16.925,8,8,8,6,10,6,8,6,7,8.5,9.8,11.5,13.8,18.4,24.0,26.5,26.4,22.3,17.7,14.1,10.1,kaggle_worldwide_travel_cities,"Sun-drenched coastlines, charming whitewashed villages, and the aroma of olive groves create a serene and inviting atmosphere."
Queenstown,New Zealand,oceania,-45.0321923,168.661,240,10.175,4,6,10,8,8,10,8,6,7,16.4,16.1,13.8,10.5,7.6,4.6,3.8,5.2,7.4,9.5,12.5,14.7,kaggle_worldwide_travel_cities,"Surrounded by majestic mountains and shimmering lakes, this place offers thrilling adventures and serene landscapes that captivate your senses."
Biarritz,France,europe,43.4832523,-1.5592776,135,15.049999999999999,10,6,8,6,8,8,8,6,7,8.6,10.1,12.0,13.7,16.0,19.0,21.2,21.4,19.1,16.5,12.3,10.7,kaggle_worldwide_travel_cities,"Ocean breezes mix with the scent of fresh pastries, while sunlit beaches and elegant architecture create a laid-back yet sophisticated vibe."
Libreville,Gabon,africa,0.4086518,9.4418849,135,27.041666666666668,6,6,8,6,6,6,4,6,7,28.1,28.3,28.0,27.7,27.6,26.4,25.5,25.5,26.4,26.5,26.9,27.6,kaggle_worldwide_travel_cities,"Lush greenery mingles with urban life, offering a unique blend of vibrant markets, diverse wildlife, and a laid-back coastal vibe."
Sintra,Portugal,europe,38.79846,-9.3881,135,16.083333333333332,4,10,10,4,8,6,6,6,7,11.0,11.9,13.4,14.8,17.2,18.6,20.6,20.9,20.0,18.0,14.2,12.4,kaggle_worldwide_travel_cities,"Misty mornings reveal enchanting palaces and lush gardens, offering a fairytale-like atmosphere that captivates and inspires wanderlust."
Hvar,Croatia,europe,43.17389195,16.55652349457852,135,18.025,10,6,8,10,8,6,6,6,7,10.4,10.6,12.5,14.5,19.6,24.7,27.6,26.7,23.2,19.6,14.9,12.0,kaggle_worldwide_travel_cities,"Sun-drenched beaches, fragrant lavender fields, and lively waterfronts create a vibrant yet relaxed atmosphere perfect for unwinding and exploring."
Rostock,Germany,europe,54.0886707,12.1400211,135,9.758333333333333,8,8,6,6,6,6,6,6,7,2.1,2.7,4.6,7.8,12.7,16.9,17.6,18.2,14.7,10.4,5.8,3.6,kaggle_worldwide_travel_cities,"Charming cobblestone streets and historic architecture meet the refreshing sea breeze, creating a welcoming blend of maritime history and modern vibrancy."
Zakynthos,Greece,europe,37.78913845,20.790089567090195,135,19.433333333333334,10,6,8,8,8,6,6,4,7,11.8,12.0,13.5,17.0,20.6,25.7,28.9,28.7,24.8,20.5,16.6,13.1,kaggle_worldwide_travel_cities,"Golden sandy beaches, crystal-clear waters, and charming villages create a serene and inviting atmosphere perfect for relaxation and exploration."
Reykjavík,Iceland,europe,64.145981,-21.9422367,240,5.3,4,6,10,6,6,8,8,6,7,0.1,1.0,1.6,4.3,6.9,9.7,11.6,11.2,8.6,5.5,2.7,0.4,kaggle_worldwide_travel_cities,"A city where modern design meets dramatic landscapes, offering cozy cafes, vibrant street art, and the ethereal glow of the northern lights."
Jodhpur,India,asia,26.2967719,73.0351433,70,27.083333333333332,2,10,6,4,8,6,6,6,7,16.7,21.0,26.3,31.6,34.7,34.0,31.4,29.7,30.3,28.2,22.9,18.2,kaggle_worldwide_travel_cities,"Sun-drenched streets weave through vibrant markets and historic forts, offering a sensory journey rich with colors, aromas, and cultural warmth."
Bandung,Indonesia,asia,-6.9215529,107.6110212,70,22.549999999999997,4,8,8,6,8,6,6,6,7,22.4,22.2,22.5,22.7,23.0,22.3,22.0,22.4,22.7,23.2,22.7,22.5,kaggle_worldwide_travel_cities,"Cool mountain air, vibrant street markets, and a mix of colonial architecture create a refreshing escape with a laid-back yet lively vibe."
Naples,Italy,europe,40.8358846,14.2487679,135,17.45,6,10,6,8,10,6,6,8,7,9.6,10.7,11.1,15.1,18.6,23.5,26.7,26.5,23.0,19.0,14.6,11.0,kaggle_worldwide_travel_cities,"Bustling streets filled with the aroma of pizza, vibrant street life, and historic architecture create a lively and authentic Italian experience."
Yamoussoukro,Ivory Coast,africa,6.8200066,-5.2776034,70,26.724999999999998,2,8,6,4,6,4,4,6,7,26.7,28.8,28.4,28.2,27.6,26.2,25.6,25.2,25.6,26.2,26.4,25.8,kaggle_worldwide_travel_cities,"Wide avenues lined with palm trees lead to the awe-inspiring basilica, while the tranquil surroundings invite a leisurely exploration of local culture."
Sapporo,Japan,asia,43.061936,141.3542924,135,9.950000000000001,4,8,8,6,8,6,6,8,7,-2.9,-2.3,2.8,8.4,14.2,17.5,22.3,23.2,19.3,12.4,5.5,-1.0,kaggle_worldwide_travel_cities,"Snow-dusted streets, lively markets, and the aroma of fresh seafood create a vibrant yet cozy atmosphere that's both inviting and invigorating."
Almaty,Kazakhstan,asia,43.2363924,76.9457275,135,11.399999999999999,2,8,10,6,6,8,6,8,7,-3.4,-0.6,6.5,13.3,18.1,23.2,26.1,24.0,18.3,10.6,2.6,-1.9,kaggle_worldwide_travel_cities,"Nestled beneath snow-capped mountains, the city offers a blend of Soviet-era charm and vibrant modern culture, with bustling markets and serene parks."
Luxembourg City,Luxembourg,europe,49.6112768,6.129799,240,10.575000000000001,2,8,6,6,8,4,6,8,7,1.9,3.5,6.4,9.5,13.6,18.0,19.4,19.3,15.2,10.7,5.8,3.6,kaggle_worldwide_travel_cities,"Charming cobblestone streets wind through lush valleys and historic fortresses, creating a serene yet vibrant atmosphere that's both inviting and intriguing."
San Cristóbal de las Casas,Mexico,north_america,16.735377,-92.63873,70,16.374999999999996,2,8,8,6,8,6,6,4,7,14.0,14.3,16.3,17.6,17.9,17.2,17.5,17.6,17.4,16.5,15.0,15.2,kaggle_worldwide_travel_cities,"Charming cobblestone streets, vibrant markets, and colorful colonial architecture create a warm and inviting atmosphere, perfect for leisurely exploration."
Riga,Latvia,europe,56.9493977,24.1051846,135,9.125,4,8,6,8,8,6,6,8,7,-0.6,0.3,3.8,7.6,12.6,19.2,19.2,19.1,14.7,9.4,4.3,-0.1,kaggle_worldwide_travel_cities,"Charming cobblestone streets, vibrant markets, and a blend of medieval and Art Nouveau architecture create a captivating and cozy atmosphere for exploration."
Portland,United States,north_america,45.5202471,-122.674194,135,13.124999999999998,4,8,8,6,8,6,8,8,7,5.6,6.2,8.8,11.7,15.7,18.9,21.9,22.2,18.6,13.5,8.7,5.7,kaggle_worldwide_travel_cities,"Quirky neighborhoods, lush green parks, and a thriving food scene create an inviting atmosphere filled with creativity and a laid-back vibe."
Ulaanbaatar,Mongolia,asia,47.9184676,106.9177016,70,0.041666666666666664,2,8,8,6,6,8,4,6,7,-22.1,-16.6,-4.8,3.9,9.9,16.6,19.2,16.3,10.5,0.5,-12.0,-20.9,kaggle_worldwide_travel_cities,"Amidst sprawling landscapes, discover a blend of Soviet-era architecture, bustling markets, and the warm hospitality of locals eager to share their stories."
Essaouira,Morocco,africa,31.5118281,-9.7620903,70,19.925,8,8,8,6,8,6,6,6,7,15.2,16.1,17.0,18.2,20.6,22.0,24.4,25.0,23.0,22.1,18.9,16.6,kaggle_worldwide_travel_cities,"Charming coastal breezes mix with the vibrant hum of bustling souks and the scent of fresh seafood, creating a laid-back, inviting atmosphere."
Pokhara,Nepal,asia,28.209538,83.991402,70,20.075,2,6,10,4,6,10,8,4,7,12.0,14.2,18.4,21.5,22.8,25.2,25.8,25.9,24.7,21.1,16.7,12.6,kaggle_worldwide_travel_cities,"Nestled by a serene lake and surrounded by lush hills, this place offers tranquility and adventure, with stunning mountain views at every turn."
Eindhoven,Netherlands,europe,51.4392648,5.478633,135,11.433333333333332,2,6,6,6,6,4,6,8,7,4.0,5.1,7.0,9.9,14.4,18.2,19.0,19.3,15.6,11.9,7.1,5.7,kaggle_worldwide_travel_cities,"Innovative design and vibrant street art create a lively atmosphere, while cozy cafes and green spaces offer moments of relaxation and inspiration."
Port Moresby,Papua New Guinea,oceania,-9.4743301,147.1599504,135,27.125,4,6,8,4,6,8,4,4,7,27.5,27.5,27.3,27.3,27.1,26.8,26.6,26.1,26.4,27.2,27.7,28.0,kaggle_worldwide_travel_cities,"A bustling city where the vibrant markets and lush coastal landscapes blend with the rich cultural tapestry, offering a unique sensory adventure."
Cebu,Philippines,asia,10.47,123.83,70,28.216666666666672,10,6,10,6,8,8,6,6,7,27.1,27.0,27.9,28.8,29.5,28.8,28.4,28.6,28.4,28.2,28.3,27.6,kaggle_worldwide_travel_cities,"Tropical warmth, vibrant street life, and a mix of modern and historic sites create an inviting atmosphere full of discovery and relaxation."
Lisbon,Portugal,europe,38.7077507,-9.1365919,135,17.550000000000004,6,10,6,8,10,6,6,8,7,11.9,12.9,14.1,16.1,19.4,20.8,22.8,23.1,21.9,19.3,15.3,13.0,kaggle_worldwide_travel_cities,"Hillside streets alive with music, pastel-colored buildings, sunlit plazas, and the scent of fresh pastries give this city an irresistible warmth."
Brazzaville,Republic of the Congo,africa,-4.2694407,15.2712256,135,25.96666666666667,2,6,8,4,6,6,4,6,7,26.3,26.7,27.2,27.0,26.6,24.5,23.8,24.7,26.2,26.4,26.1,26.1,kaggle_worldwide_travel_cities,"Lush riverfront views and vibrant markets create a lively atmosphere, where the rhythm of life feels both dynamic and welcoming."
Kigali,Rwanda,africa,-1.8859597,30.1296751,135,21.33333333333334,2,8,8,4,6,6,6,6,7,21.2,21.3,21.1,20.7,21.3,21.7,21.9,22.6,21.9,21.3,20.3,20.7,kaggle_worldwide_travel_cities,Rolling hills meet vibrant city life where markets buzz with energy and the aroma of fresh coffee fills the air.
Apia,Samoa,oceania,-13.8345235,-171.7630955,135,27.049999999999997,8,8,8,4,6,6,6,4,7,27.2,27.0,27.5,27.6,27.3,27.0,26.6,26.6,26.7,26.9,27.0,27.2,kaggle_worldwide_travel_cities,"Lush tropical gardens, vibrant markets, and the gentle sound of waves create a serene and welcoming atmosphere perfect for unwinding."
Gorée Island,Senegal,africa,14.66720465,-17.398356301764487,135,25.041666666666668,4,10,6,2,6,4,4,2,7,22.5,21.6,21.4,22.0,23.3,26.1,27.6,28.1,28.1,28.5,26.8,24.5,kaggle_worldwide_travel_cities,"Charming cobblestone streets, vibrant colonial architecture, and a poignant history create a deeply moving and enriching experience by the ocean."
Durban,South Africa,africa,-29.861825,31.009909,135,20.791666666666668,10,6,8,6,8,8,6,6,7,24.0,24.3,23.8,21.7,19.9,17.7,17.1,17.8,19.0,20.0,21.3,22.9,kaggle_worldwide_travel_cities,"A vibrant blend of golden beaches, rich Zulu culture, and fragrant Indian spices, creating an inviting atmosphere full of warmth and diversity."
Bled,Slovenia,europe,46.3684202,14.1100595,135,5.491666666666667,4,6,10,4,6,8,6,4,7,-2.5,-1.2,0.5,1.9,6.5,13.2,15.0,14.5,9.9,7.4,1.5,-0.8,kaggle_worldwide_travel_cities,"A serene lakeside town where the emerald waters reflect the surrounding mountains, offering a peaceful escape and stunning natural beauty."
Bilbao,Spain,europe,43.2630018,-2.9350039,135,15.483333333333333,4,10,6,8,8,6,6,8,7,9.4,10.6,12.0,13.8,16.3,19.3,21.3,21.6,19.7,17.2,13.1,11.5,kaggle_worldwide_travel_cities,"A vibrant blend of modern architecture and rich history, with bustling markets, delightful pintxos bars, and the soothing sound of the river."
Asturias,Spain,europe,43.3133868,-5.94192,135,13.649999999999999,8,8,10,6,8,8,6,4,7,8.3,9.3,10.3,12.2,14.5,16.9,19.2,19.4,17.5,15.2,11.3,9.7,kaggle_worldwide_travel_cities,"Lush green landscapes meet rugged coastlines, offering a sense of tranquility and adventure with every breathtaking vista and charming village."
Zermatt,Switzerland,europe,46.0212076,7.749254,240,5.833333333333332,2,6,10,4,8,10,8,4,7,-3.4,-0.4,2.0,4.1,8.0,12.9,15.0,14.6,10.9,7.0,1.1,-1.8,kaggle_worldwide_travel_cities,"Nestled amid towering peaks, this charming alpine village offers crisp mountain air, stunning vistas, and a serene escape from the everyday hustle."
Chiang Mai,Thailand,asia,18.7882778,98.9858802,70,27.00833333333333,2,10,8,6,10,8,8,6,7,22.6,24.8,28.5,30.2,29.8,28.7,28.1,27.6,27.5,27.0,25.9,23.4,kaggle_worldwide_travel_cities,"Lush mountain landscapes and vibrant night markets create a serene yet lively atmosphere, inviting exploration and relaxation at every turn."
Kairouan,Tunisia,africa,35.6710101,10.10062,70,21.599999999999998,2,10,4,4,6,4,4,6,7,13.0,14.1,16.3,19.1,23.2,28.2,31.8,30.9,27.4,23.0,17.9,14.3,kaggle_worldwide_travel_cities,"Wandering through ancient medinas, the air filled with spices and the call to prayer, immerses you in a rich tapestry of history and culture."
Kampala,Uganda,africa,0.3177137,32.5813539,70,22.09166666666667,2,8,8,6,6,6,4,6,7,22.6,23.0,22.8,22.2,22.2,21.4,21.5,21.7,21.9,21.9,21.8,22.1,kaggle_worldwide_travel_cities,"Bustling streets filled with vibrant markets, the aroma of local cuisine, and a lively cultural scene create an inviting urban adventure."
Minneapolis,United States,north_america,44.9772995,-93.2654692,135,8.624999999999998,4,8,8,6,8,6,6,8,7,-7.8,-7.0,1.6,7.5,15.6,21.9,23.5,21.8,18.5,9.8,2.3,-4.2,kaggle_worldwide_travel_cities,"A city with vibrant arts scenes, scenic lakeside parks, and diverse neighborhoods, offering a welcoming mix of culture and natural beauty."
Denver,United States,north_america,39.7392364,-104.984862,135,10.774999999999999,2,8,10,6,8,10,8,8,7,-1.3,0.5,4.5,9.1,13.9,21.1,23.9,22.9,19.3,10.9,4.3,0.2,kaggle_worldwide_travel_cities,"A vibrant mix of urban sophistication and outdoor adventure, with crisp mountain air and a lively arts scene creating an invigorating atmosphere."
Glasgow,United Kingdom,europe,55.861155,-4.2501687,135,9.608333333333334,2,8,6,8,8,4,6,8,7,4.3,5.3,6.7,8.0,11.7,14.2,15.4,14.9,12.9,10.0,6.5,5.4,kaggle_worldwide_travel_cities,"Lively streets filled with music, striking architecture, and a rich cultural scene make every corner of this city feel inviting and vibrant."
Ushuaia,Argentina,south_america,-54.807306,-68.3084133,135,6.216666666666668,4,6,10,4,6,10,6,4,7,9.7,9.9,8.3,6.2,4.7,2.6,2.4,3.1,4.4,6.4,8.0,8.9,kaggle_worldwide_travel_cities,"A windswept frontier town with dramatic landscapes, where the end of the world feels both mysterious and beautifully remote."
Tucson,United States,north_america,32.2228765,-110.974847,135,22.025000000000002,2,8,8,6,8,8,6,6,7,11.6,13.9,17.0,21.4,25.2,31.2,31.8,30.8,28.7,23.3,16.9,12.5,kaggle_worldwide_travel_cities,"Vibrant desert landscapes, stunning sunsets, and a rich blend of Native American and Mexican cultures make every moment feel uniquely captivating."
Pittsburgh,United States,north_america,40.4416941,-79.9900861,135,11.858333333333333,2,8,6,6,8,6,6,8,7,-1.3,0.8,5.3,11.2,17.1,21.2,23.6,22.6,19.6,13.2,6.5,2.5,kaggle_worldwide_travel_cities,"Charming riverside views, vibrant arts districts, and a rich industrial history create a welcoming atmosphere full of cultural and culinary discoveries."
Adelaide,Australia,oceania,-34.9281805,138.5999312,135,16.725000000000005,6,8,8,6,8,6,6,6,7,22.6,21.9,20.2,17.1,14.1,11.6,11.3,12.0,13.8,16.8,18.4,20.9,kaggle_worldwide_travel_cities,"Charming streets lined with historic buildings and lush parks offer a laid-back vibe, perfect for leisurely strolls and enjoying local wines."
Manama,Bahrain,middle_east,26.2235041,50.5822436,135,28.208333333333332,6,8,4,8,8,6,6,8,7,18.6,19.1,22.4,26.9,31.9,35.0,36.4,36.3,34.4,30.9,25.8,20.8,kaggle_worldwide_travel_cities,"A blend of modern skyscrapers and traditional souks, offering a warm, welcoming atmosphere with the aroma of spices and sea breezes."
La Paz,Bolivia,south_america,-16.4955455,-68.1336229,70,8.075000000000001,2,8,8,6,6,8,6,6,7,9.3,9.2,9.0,8.2,7.0,5.7,5.8,6.4,7.8,9.0,9.9,9.6,kaggle_worldwide_travel_cities,"High-altitude streets buzz with vibrant markets, colorful textiles, and a unique blend of indigenous culture and modern city life."
Montevideo,Uruguay,south_america,-34.9058916,-56.1913095,135,17.066666666666666,6,8,6,6,8,6,6,8,7,23.2,22.9,21.0,18.3,14.3,11.7,10.9,12.2,13.7,16.0,19.2,21.4,kaggle_worldwide_travel_cities,"Strolling along the rambla with the ocean breeze, discovering vibrant street art, and savoring local mate create a welcoming and laid-back vibe."
Mendoza,Argentina,south_america,-34.78709305,-68.43818677312292,135,15.908333333333333,2,6,8,6,8,8,6,6,7,24.4,22.9,20.0,15.7,10.9,7.9,7.4,10.1,13.1,15.7,20.0,22.8,kaggle_worldwide_travel_cities,"Vineyards stretch across sunlit valleys, offering rich aromas and flavors, while the Andes provide a breathtaking backdrop to this relaxed, wine-loving region."
Innsbruck,Austria,europe,47.2654296,11.3927685,135,7.574999999999999,2,8,10,6,8,10,6,6,7,-1.4,0.5,2.8,6.6,10.0,15.4,16.5,16.2,12.3,8.9,3.1,0.0,kaggle_worldwide_travel_cities,"Nestled in the heart of the Alps, this city offers stunning mountain views, charming old town streets, and a blend of urban and outdoor adventures."
Washington DC,United States,north_america,38.8950368,-77.0365427,135,15.625000000000002,2,10,6,6,8,4,6,10,7,3.3,5.2,9.3,14.9,19.7,24.8,27.5,26.4,23.0,16.8,10.4,6.2,kaggle_worldwide_travel_cities,"Monument-lined streets, vibrant museums, and lively neighborhoods create an engaging atmosphere, blending history with modern culture and diverse culinary experiences."
Brussels,Belgium,europe,50.8465573,4.351697,135,11.475000000000001,2,8,6,6,8,4,6,8,7,3.9,5.4,7.4,10.0,14.2,17.8,19.0,19.1,15.8,12.4,7.3,5.4,kaggle_worldwide_travel_cities,"Charming cobblestone streets, the scent of fresh waffles, and vibrant squares create an inviting atmosphere perfect for leisurely exploration."
Ottawa,Canada,north_america,45.4208777,-75.6901106,135,7.1833333333333345,4,8,8,6,6,6,6,6,7,-8.6,-8.0,-1.8,6.0,14.0,18.7,21.8,20.4,16.4,9.4,1.9,-4.0,kaggle_worldwide_travel_cities,"Charming streets lined with historic architecture meet lush green parks, offering a peaceful yet vibrant atmosphere perfect for leisurely exploration."
Brno,Czech Republic,europe,49.1922443,16.6113382,70,10.916666666666666,2,8,6,6,8,6,6,6,7,0.1,2.8,5.6,10.3,14.9,20.0,21.5,21.6,16.4,10.9,5.3,1.6,kaggle_worldwide_travel_cities,"Charming cobblestone streets and vibrant student life create an inviting energy, while historic architecture and cozy cafés offer delightful moments of discovery."
Tartu,Estonia,europe,58.3801207,26.72245,70,7.100000000000001,2,8,6,6,6,4,6,6,7,-3.2,-2.3,0.5,5.8,11.8,16.8,17.9,17.3,12.7,6.6,2.4,-1.1,kaggle_worldwide_travel_cities,"Charming cobblestone streets and vibrant student life create a lively yet laid-back atmosphere, perfect for exploring quaint cafes and historic architecture."
Praia,Cape Verde,africa,14.9162811,-23.5095095,135,25.108333333333334,8,6,6,6,6,6,4,6,7,23.3,22.9,22.9,24.2,24.7,25.4,26.0,27.0,27.3,27.3,26.1,24.2,kaggle_worldwide_travel_cities,"Colorful markets, lively music, and ocean breezes create a vibrant yet laid-back atmosphere that invites you to explore and unwind."
Harbin,China,asia,45.7593633,126.6276177,135,5.533333333333332,2,8,6,6,6,6,4,8,7,-17.2,-11.7,-0.4,8.8,15.8,20.7,24.4,21.9,16.4,7.1,-4.8,-14.6,kaggle_worldwide_travel_cities,"A winter wonderland with intricate ice sculptures, bustling street markets, and the aroma of hearty local dishes filling the crisp air."
Moroni,Comoros,africa,-11.6931255,43.2543044,70,27.15833333333333,6,6,8,4,6,6,4,4,7,28.0,27.8,28.4,28.2,27.7,26.1,25.4,25.1,25.6,26.9,28.3,28.4,kaggle_worldwide_travel_cities,Winding streets lined with colorful markets and the aroma of spices create a lively yet laid-back atmosphere by the Indian Ocean.
Prague,Czech Republic,europe,50.0874654,14.4212535,135,10.691666666666668,2,10,6,8,8,4,6,10,7,1.2,2.7,5.3,9.7,14.4,19.4,20.7,20.6,15.7,10.6,5.2,2.8,kaggle_worldwide_travel_cities,"Cobblestone streets and Gothic architecture create a fairytale-like atmosphere, where historic charm and modern culture blend seamlessly along the river."
Beijing,China,asia,40.190632,116.412144,135,13.475,2,10,6,8,10,6,6,10,7,-2.6,0.5,8.7,15.7,21.6,26.1,27.4,26.4,21.6,13.1,5.0,-1.8,kaggle_worldwide_travel_cities,"A dynamic blend of ancient history and modern innovation, with bustling markets, serene temples, and the aroma of sizzling street food."
Lhasa,China,asia,29.6542054,91.1173015,240,9.983333333333334,2,10,8,2,6,8,8,4,7,0.3,3.3,6.9,9.9,13.6,17.7,17.3,16.9,15.6,11.4,5.4,1.5,kaggle_worldwide_travel_cities,High-altitude streets filled with the scent of incense and the sound of prayer wheels create a serene yet vibrant atmosphere.
Aswan,Egypt,africa,24.091071,32.897306,70,27.575,4,10,8,4,8,6,6,4,7,16.4,18.6,23.1,28.2,32.7,35.5,35.8,36.0,33.9,29.7,23.1,17.9,kaggle_worldwide_travel_cities,"Tranquil river views and ancient temples offer a serene escape, with warm breezes and the gentle flow of the Nile setting the pace."
Rijeka,Croatia,europe,45.3267976,14.442208,135,15.816666666666668,6,8,8,6,8,6,6,6,7,7.0,8.5,10.8,13.1,17.4,23.5,25.8,25.9,20.9,16.5,11.8,8.6,kaggle_worldwide_travel_cities,"Coastal breezes meet lively streets filled with music and laughter, while historic architecture and vibrant markets create a welcoming, dynamic atmosphere."
Cuenca,Ecuador,south_america,-2.8974072,-79.0041726,70,15.041666666666666,2,10,8,6,8,6,6,6,7,15.4,15.7,15.2,15.3,15.3,14.6,14.2,13.9,14.6,15.3,15.3,15.7,kaggle_worldwide_travel_cities,"Cobblestone streets lined with colonial architecture and vibrant markets create a charming atmosphere, inviting you to explore its rich cultural heritage."
Giza,Egypt,africa,29.9870753,31.2118063,135,23.46666666666667,2,10,6,4,8,6,4,6,7,14.9,16.0,19.2,22.6,26.6,29.3,30.4,30.1,28.8,25.6,21.0,17.1,kaggle_worldwide_travel_cities,The awe-inspiring sight of ancient pyramids rising from the golden desert sands creates an atmosphere of timeless wonder and historical intrigue.
Saaremaa Island,Estonia,europe,58.27381995,22.277105752545435,70,8.316666666666666,8,6,10,4,6,6,8,4,7,-0.1,0.0,1.7,5.3,10.6,15.9,18.0,18.1,14.2,9.1,5.0,2.0,kaggle_worldwide_travel_cities,"Gentle sea breezes, serene coastal landscapes, and charming villages offer a peaceful escape that encourages you to unwind and explore leisurely."
Venice,Italy,europe,45.4371908,12.3345898,240,14.558333333333335,2,10,6,6,10,4,6,8,7,3.9,6.4,9.5,13.5,18.0,23.2,25.5,25.0,20.3,15.1,9.4,4.9,kaggle_worldwide_travel_cities,"Winding canals, charming gondolas, and historic architecture create a romantic atmosphere, where every corner reveals a new story and hidden gem."
Rennes,France,europe,48.1113387,-1.6800198,135,12.508333333333331,4,8,6,6,8,4,6,6,7,6.1,7.0,8.8,11.1,14.3,17.7,19.5,19.0,16.6,13.2,9.2,7.6,kaggle_worldwide_travel_cities,"Charming streets lined with timber-framed houses, lively markets, and a vibrant student atmosphere create a welcoming and dynamic experience."
Papeete,French Polynesia,oceania,-17.5373835,-149.5659964,240,26.666666666666668,10,6,10,6,8,8,8,6,7,26.8,27.7,28.0,27.7,26.9,26.0,25.5,25.3,25.7,26.1,27.0,27.3,kaggle_worldwide_travel_cities,"A tropical blend of vibrant markets, lush landscapes, and the gentle sound of waves creates a serene yet lively island atmosphere."
Lyon,France,europe,45.7578137,4.8320114,135,13.683333333333332,2,10,6,8,10,4,6,8,7,4.6,6.6,9.2,12.5,16.3,21.3,23.8,23.2,18.7,14.0,8.4,5.6,kaggle_worldwide_travel_cities,"Charming cobblestone streets, riverside views, and an irresistible culinary scene make every moment feel like a delightful discovery."
Bora Bora,French Polynesia,oceania,-16.504346650000002,-151.73668863927236,240,27.391666666666666,10,4,10,4,6,8,10,2,7,28.0,28.2,28.5,28.4,27.8,26.9,26.3,26.2,26.4,26.7,27.4,27.9,kaggle_worldwide_travel_cities,"Turquoise lagoons and lush green mountains create a serene paradise, where the gentle ocean breeze and vibrant sunsets captivate your senses."
Carcassone,France,europe,43.2130358,2.3491069,135,14.908333333333331,2,10,6,4,8,4,4,4,7,6.8,8.7,10.7,12.7,16.4,21.0,23.9,23.9,20.2,15.8,10.6,8.2,kaggle_worldwide_travel_cities,"Wandering through narrow cobblestone streets, you feel the weight of history enveloped by ancient walls, with the aroma of rustic French cuisine lingering."
Osaka,Japan,asia,34.6937569,135.5014539,240,17.6,4,8,6,8,10,4,6,10,7,6.5,7.2,11.0,16.0,20.5,23.8,28.1,29.5,25.7,19.7,14.3,8.9,kaggle_worldwide_travel_cities,"Bustling streets filled with neon lights, delicious street food aromas, and the energetic hum of friendly locals create a lively urban vibe."
Banjul,Gambia,africa,13.4410165,-16.56275092072591,70,26.266666666666666,8,6,8,4,6,6,4,4,7,24.7,25.3,25.3,25.5,25.7,27.6,27.4,26.9,27.0,27.9,26.8,25.1,kaggle_worldwide_travel_cities,"Bustling markets filled with vibrant colors and the aroma of spices, alongside tranquil river views, create a welcoming and lively atmosphere."
Hamburg,Germany,europe,53.550341,10.000654,135,10.416666666666666,4,8,6,8,8,6,6,10,7,2.9,3.6,5.6,8.6,13.2,17.4,18.1,18.5,15.1,11.0,6.4,4.6,kaggle_worldwide_travel_cities,"A lively port city where historic architecture meets modern design, offering a relaxed vibe with waterfront strolls and bustling markets."
Vilnius,Lithuania,europe,54.6870458,25.2829111,70,8.066666666666666,4,8,6,6,6,4,6,6,7,-2.6,-1.4,2.0,7.4,12.9,17.9,18.4,18.6,13.7,7.6,2.8,-0.5,kaggle_worldwide_travel_cities,"Charming cobblestone streets and baroque architecture blend with a youthful energy, offering a cozy yet vibrant atmosphere perfect for leisurely exploration."
San Cristobal,Venezuela,south_america,7.7756663,-72.2214154,70,26.700000000000003,2,6,8,6,6,6,6,6,7,26.1,25.8,26.3,26.0,27.0,27.2,27.7,28.4,29.0,26.8,25.6,24.5,kaggle_worldwide_travel_cities,"A lively blend of bustling markets, friendly locals, and the refreshing mountain air creates a welcoming and invigorating atmosphere."
Lübeck,Germany,europe,53.866444,10.684738,135,10.058333333333332,4,8,6,6,8,4,6,6,7,2.6,3.1,5.1,8.1,12.9,17.1,17.9,18.2,14.8,10.6,6.1,4.2,kaggle_worldwide_travel_cities,Charming cobblestone streets lined with medieval architecture and the scent of marzipan create an inviting and cozy atmosphere for exploration.
Antigua,Guatemala,north_america,14.5567814,-90.7337346,70,19.908333333333335,2,10,8,6,8,6,6,6,7,18.4,18.8,20.0,21.1,21.5,20.4,20.6,20.5,20.3,19.8,19.1,18.4,kaggle_worldwide_travel_cities,Cobblestone streets lined with colorful colonial buildings and vibrant markets create an enchanting atmosphere that feels both historic and warmly inviting.
Akureyri,Iceland,europe,65.68390355,-18.11217559813441,240,4.058333333333334,4,6,10,4,6,8,6,6,7,-1.7,-0.8,0.0,3.1,6.4,9.9,11.2,10.5,7.9,3.6,0.6,-2.0,kaggle_worldwide_travel_cities,"Nestled by stunning fjords, this charming town offers a cozy vibe with colorful houses and a backdrop of snow-capped mountains."
Varanasi,India,asia,25.3356491,83.0076292,70,26.075,2,10,6,4,8,4,6,6,7,15.1,19.8,25.3,31.0,33.1,33.5,30.4,29.8,29.1,27.1,21.9,16.8,kaggle_worldwide_travel_cities,Winding alleyways filled with the scent of incense and the sound of temple bells create a spiritual and vibrant atmosphere by the river.
Ajaccio,France,europe,41.9263991,8.7376029,135,16.583333333333332,8,8,8,6,8,6,6,6,7,9.6,10.2,11.4,13.9,17.6,22.4,25.2,24.9,21.6,18.0,13.6,10.6,kaggle_worldwide_travel_cities,"Nestled between mountains and sea, this charming coastal town offers sunlit streets, vibrant markets, and a rich tapestry of history and culture."
Tanna Island,Vanuatu,oceania,-19.48577845,169.33450144830016,135,25.58333333333334,8,8,10,2,6,8,6,2,7,27.5,28.0,27.3,26.6,24.8,23.9,23.6,23.0,23.8,25.0,26.2,27.3,kaggle_worldwide_travel_cities,"Lush jungles, volcanic landscapes, and welcoming locals create a serene and adventurous atmosphere, inviting you to explore and unwind."
Ho Chi Minh City,Vietnam,asia,10.7763897,106.7011391,70,28.450000000000003,4,8,4,8,10,6,6,10,7,27.5,27.9,29.1,30.2,29.9,28.8,28.3,28.4,27.9,27.8,28.1,27.5,kaggle_worldwide_travel_cities,"Bustling streets filled with the aroma of street food and the hum of scooters create a vibrant, energetic atmosphere that's uniquely captivating."
York,United Kingdom,europe,53.96565785,-1.0743052444639218,135,10.283333333333333,2,10,6,6,8,4,6,6,7,4.3,5.4,7.0,8.4,12.3,15.0,16.6,16.5,14.0,10.9,7.2,5.8,kaggle_worldwide_travel_cities,"Charming cobblestone streets and ancient city walls create a cozy, inviting atmosphere, where history and modern vibrancy coexist beautifully."
Delhi,India,asia,28.6273928,77.1716954,70,25.34166666666667,2,10,4,8,10,6,6,10,7,13.6,18.0,23.5,29.4,32.6,33.4,31.2,30.6,30.0,26.5,20.3,15.0,kaggle_worldwide_travel_cities,"Bustling streets filled with vibrant colors, diverse aromas, and the sounds of life create an energetic and unforgettable experience."
Matera,Italy,europe,40.4476419,16.47357384028852,135,17.125,2,10,6,4,8,4,6,6,7,8.2,9.5,12.4,14.2,18.7,24.2,27.3,26.9,22.9,17.9,14.0,9.3,kaggle_worldwide_travel_cities,"Winding stone streets and ancient cave dwellings create an atmosphere of timeless mystery, inviting you to explore its unique history and charm."
Hiroshima,Japan,asia,34.3917241,132.4517589,135,17.108333333333334,4,10,6,6,8,4,6,6,7,5.8,6.7,10.8,15.7,20.1,23.4,27.6,29.1,25.3,19.3,13.7,7.8,kaggle_worldwide_travel_cities,"A serene blend of reflective history and modern vibrancy, where tranquil gardens meet bustling streets, offering a deeply moving yet uplifting experience."
Vientiane,Laos,asia,17.9640988,102.6133707,70,27.308333333333334,2,8,6,4,8,6,6,4,7,23.3,24.6,28.1,29.9,29.7,29.0,28.6,28.2,28.1,27.8,26.7,23.7,kaggle_worldwide_travel_cities,"Tranquil streets lined with French colonial architecture, vibrant markets, and serene temples create a peaceful yet culturally rich experience."
Edinburgh,United Kingdom,europe,55.9533456,-3.1883749,135,9.458333333333332,4,10,6,8,8,6,6,8,7,4.3,5.6,6.6,7.6,11.1,13.6,15.2,14.9,12.8,10.0,6.5,5.3,kaggle_worldwide_travel_cities,"Charming cobblestone streets, historic castles, and the sound of bagpipes create a magical atmosphere that feels both ancient and alive."
Lusaka,Zambia,africa,-15.4163395,28.2818414,70,23.98333333333333,2,6,8,4,6,6,4,6,7,24.4,25.1,24.8,22.4,21.2,19.9,19.6,22.5,26.4,28.2,27.4,25.9,kaggle_worldwide_travel_cities,"Bustling markets, vibrant local culture, and open green spaces create a lively yet laid-back atmosphere that's both welcoming and engaging."
Marrakesh,Morocco,africa,31.6258257,-7.9891608,70,21.099999999999998,2,10,6,8,10,6,8,8,7,13.0,14.8,16.8,19.6,23.2,25.2,29.8,29.8,25.9,23.1,17.7,14.3,kaggle_worldwide_travel_cities,"A sensory feast of vibrant colors, aromatic spices, bustling souks, and serene gardens, creating an enchanting and immersive experience for every visitor."
Palawan,Philippines,asia,11.0798978,120.93734215474105,70,27.783333333333335,10,6,10,4,6,8,6,4,7,26.9,26.7,27.2,28.3,29.0,28.2,27.8,27.8,27.6,28.0,28.3,27.6,kaggle_worldwide_travel_cities,"Crystal-clear waters, lush green landscapes, and vibrant marine life create a serene escape where relaxation and adventure blend seamlessly."
Ohrid,North Macedonia,europe,41.1170203,20.8017715,70,12.683333333333335,6,8,10,6,6,6,6,4,7,3.5,4.5,7.3,10.1,15.4,20.4,22.9,22.3,18.2,13.2,9.0,5.4,kaggle_worldwide_travel_cities,"Charming lakeside views, ancient cobblestone streets, and the scent of fresh coffee create a peaceful yet vibrant atmosphere perfect for unwinding."
Algarve,Portugal,europe,37.24480855,-8.150756196275431,135,18.466666666666665,10,6,8,6,8,8,8,6,7,12.8,13.7,14.6,16.8,19.8,22.0,24.4,24.7,22.4,20.0,16.2,14.2,kaggle_worldwide_travel_cities,"Golden cliffs and serene beaches meet charming villages, where the scent of grilled sardines and the sound of ocean waves fill the air."
Bucharest,Romania,europe,44.4361414,26.1027202,70,13.075000000000003,2,8,6,8,8,4,6,8,7,0.6,3.7,6.9,12.7,17.5,22.5,24.9,25.0,19.8,13.0,7.3,3.0,kaggle_worldwide_travel_cities,"Tree-lined boulevards, eclectic architecture, and lively squares invite you to explore a city where history and modernity coexist seamlessly."
Seychelles,Seychelles,africa,-4.6574977,55.4540146,240,27.650000000000002,10,4,10,4,8,6,8,4,7,27.5,28.1,28.7,28.7,28.5,27.5,26.4,26.4,27.0,27.7,27.7,27.6,kaggle_worldwide_travel_cities,"Imagine pristine beaches with powdery sand, lush greenery, and the gentle sound of waves, offering a serene and rejuvenating escape."
Zurich,Switzerland,europe,47.3744489,8.5410422,240,10.666666666666666,2,8,8,6,8,6,8,10,7,1.8,3.2,6.2,9.8,13.7,18.6,20.3,19.8,15.3,10.8,5.7,2.8,kaggle_worldwide_travel_cities,Charming streets lined with elegant boutiques and cozy cafes offer a blend of modern sophistication and rich historical charm.
Dubai,United Arab Emirates,middle_east,25.07428235,55.18853865430702,240,29.399999999999995,8,8,4,10,8,8,10,10,7,20.7,21.8,24.7,28.6,32.6,35.3,36.9,36.8,34.5,31.2,26.9,22.8,kaggle_worldwide_travel_cities,"Skyscrapers glisten under the sun, luxury blends with tradition, and the aroma of spices fills the air, creating a uniquely vibrant experience."
Zanzibar,Tanzania,africa,-6.1664908,39.2074312,135,27.224999999999998,10,8,10,6,8,8,8,4,7,28.5,28.8,28.8,27.5,27.0,26.5,25.7,25.6,26.0,26.8,27.4,28.1,kaggle_worldwide_travel_cities,"White sandy beaches, turquoise waters, and the scent of spices fill the air, creating an enchanting and laid-back island vibe."
Atlanta,United States,north_america,33.7489924,-84.3902644,135,17.4,2,8,6,8,8,6,6,8,7,6.5,9.8,14.3,16.9,21.5,25.1,26.6,26.0,23.4,17.6,12.0,9.1,kaggle_worldwide_travel_cities,"Bustling streets lined with lush trees, vibrant arts scenes, and a welcoming Southern charm create a warm and dynamic urban experience."
Thimphu,Bhutan,asia,27.4713546,89.6336729,240,14.033333333333333,2,10,8,4,6,6,8,4,7,6.2,7.5,11.2,14.1,16.5,19.6,20.4,20.1,18.7,15.3,11.0,7.8,kaggle_worldwide_travel_cities,"Nestled in the mountains, this city blends serene monasteries with colorful markets, offering a unique blend of tradition and tranquility."
Los Angeles,United States,north_america,34.0536909,-118.242766,240,18.125,8,8,6,10,8,6,8,10,7,14.3,14.7,15.0,17.0,17.6,19.9,22.0,22.6,22.4,20.6,16.9,14.5,kaggle_worldwide_travel_cities,"Endless sunshine, diverse neighborhoods, and the allure of Hollywood create a dynamic atmosphere where every street feels like a new adventure."
Savannah,United States,north_america,32.0790074,-81.0921335,135,20.2,4,8,6,6,8,6,6,6,7,10.7,13.9,16.9,19.7,23.7,26.7,28.1,27.6,25.4,21.0,15.7,13.0,kaggle_worldwide_travel_cities,"Cobblestone streets lined with moss-draped oaks create a charming, historic atmosphere, inviting leisurely strolls and a sense of Southern hospitality."
Bukhara,Uzbekistan,asia,39.7675529,64.4231326,70,16.608333333333334,2,10,6,4,6,4,4,6,7,2.9,5.7,11.6,18.1,24.3,29.5,31.2,28.0,22.5,14.6,7.6,3.3,kaggle_worldwide_travel_cities,"Wandering through ancient streets, you'll feel the echoes of history in every corner, with vibrant markets and the scent of spices filling the air."
Montreal,Canada,north_america,45.5031824,-73.5698065,135,8.2,4,10,6,8,10,6,6,10,7,-7.4,-6.3,-0.7,6.5,15.0,19.5,22.5,21.8,17.5,10.0,3.0,-3.0,kaggle_worldwide_travel_cities,"Charming streets filled with a mix of European elegance and North American vibrancy, offering lively festivals, diverse cuisine, and artistic flair."
Hanoi,Vietnam,asia,21.0283334,105.854041,70,24.816666666666666,2,10,6,6,10,6,6,8,7,17.8,18.9,21.9,25.0,28.3,30.3,30.0,29.2,28.5,25.9,23.4,18.6,kaggle_worldwide_travel_cities,"Bustling streets filled with the aroma of street food, lively markets, and serene lakes create a vibrant yet peaceful atmosphere."
Perth,Australia,oceania,-31.9558933,115.8605855,135,18.825,8,6,8,6,8,8,6,6,7,24.9,24.8,23.0,19.5,16.0,14.0,13.6,13.6,15.2,17.4,20.4,23.5,kaggle_worldwide_travel_cities,"Sun-kissed beaches meet a laid-back city vibe with sprawling parks, buzzing markets, and a sense of space that feels refreshingly open."
Cardiff,United Kingdom,europe,51.4816546,-3.1791934,135,11.299999999999999,4,8,6,8,6,4,6,8,7,5.9,6.6,8.0,9.4,12.7,15.4,17.0,16.8,15.0,12.2,8.9,7.7,kaggle_worldwide_travel_cities,"Charming streets lined with historic architecture and lively pubs create a welcoming atmosphere, where you can feel the city's rich cultural heartbeat."
San Jose,United States,north_america,37.3361663,-121.890591,240,16.041666666666668,4,6,8,6,6,6,6,8,7,11.2,12.0,13.5,15.0,16.7,19.6,20.6,20.8,20.4,18.3,13.5,10.9,kaggle_worldwide_travel_cities,"A blend of innovation and natural beauty, with sunlit streets, tech-savvy energy, and nearby escapes to lush parks and rolling hills."
Orlando,United States,north_america,28.5421109,-81.3790304,135,23.308333333333334,4,6,6,8,6,8,6,8,7,16.1,18.5,21.0,23.4,25.9,27.6,28.2,28.2,27.2,24.4,21.3,17.9,kaggle_worldwide_travel_cities,"Theme parks brimming with excitement, vibrant entertainment districts, and sunny afternoons create a lively atmosphere perfect for family adventures and fun-filled days."
Sighisoara,Romania,europe,46.2202037,24.7934483,70,10.316666666666665,2,10,6,4,6,6,4,4,7,0.0,1.5,5.4,9.3,14.7,19.9,20.8,20.8,15.6,9.5,4.6,1.7,kaggle_worldwide_travel_cities,"Cobblestone streets and colorful medieval towers create a fairy-tale setting, inviting you to wander and uncover centuries-old secrets around every corner."
Vancouver,Canada,north_america,49.2608724,-123.113952,240,11.508333333333335,6,8,10,8,8,8,8,10,7,5.4,5.2,7.7,10.0,14.3,16.9,19.8,19.4,15.9,11.2,7.5,4.8,kaggle_worldwide_travel_cities,"Nestled between ocean and mountains, this city offers a harmonious blend of urban excitement and serene natural beauty, perfect for outdoor enthusiasts."
Keswick,United Kingdom,europe,54.6009812,-3.1375822,135,10.125,4,6,10,4,6,8,6,4,7,4.5,6.2,7.2,8.3,11.8,14.6,16.1,15.7,13.5,10.6,7.5,5.5,kaggle_worldwide_travel_cities,"Surrounded by majestic peaks and serene lakes, this charming town offers a peaceful escape with invigorating hikes and quaint local shops."
Bologna,Italy,europe,44.4938203,11.3426327,135,15.025000000000004,2,10,6,6,10,4,6,8,7,4.1,7.0,10.3,13.6,17.9,23.6,26.4,25.9,20.8,15.9,9.5,5.3,kaggle_worldwide_travel_cities,"Strolling under ancient porticoes, savoring rich aromas of fresh pasta, and enjoying lively piazzas create a warm, welcoming atmosphere."
Isle of Skye,United Kingdom,europe,57.36300795,-6.302173669619252,135,9.833333333333334,6,6,10,2,6,8,6,2,7,5.8,6.2,7.2,8.2,11.0,13.0,14.0,14.2,13.0,10.9,8.0,6.5,kaggle_worldwide_travel_cities,"Dramatic landscapes with rugged cliffs and serene lochs create an enchanting atmosphere, perfect for exploring nature and experiencing tranquil moments."
Guimarães,Portugal,europe,41.4417677,-8.2955712,135,15.416666666666666,2,8,6,4,8,6,6,6,7,10.4,11.7,13.0,14.3,16.5,18.0,19.8,19.5,18.8,17.1,13.8,12.1,kaggle_worldwide_travel_cities,"Cobblestone streets, medieval architecture, and a welcoming atmosphere make wandering feel like stepping back in time, rich with history and charm."
Macau,China,asia,22.1757605,113.5514142,135,23.641666666666666,4,8,4,10,8,6,6,10,7,16.6,16.9,19.8,23.1,26.3,28.5,29.2,28.8,28.5,25.8,22.5,17.7,kaggle_worldwide_travel_cities,"A unique blend of Portuguese heritage and vibrant Chinese culture, with bustling streets, aromatic food stalls, and dazzling casino lights."
Salento,Colombia,south_america,4.6373012,-75.569799,70,22.591666666666665,2,8,10,4,8,8,6,4,7,22.6,23.0,22.5,22.4,22.5,22.5,22.8,23.4,22.6,22.0,22.5,22.3,kaggle_worldwide_travel_cities,"Rolling green hills and colorful streets create a welcoming vibe, with coffee aromas and vibrant landscapes offering a true sensory escape."
Zagreb,Croatia,europe,45.8130967,15.9772795,135,14.066666666666668,2,8,6,6,8,6,6,8,7,3.3,6.1,9.3,13.8,18.0,23.3,25.0,24.6,19.1,13.9,8.1,4.3,kaggle_worldwide_travel_cities,"A blend of charming cobblestone streets, vibrant markets, and lively cafes creates an inviting atmosphere filled with history and modern culture."
Quito,Ecuador,south_america,-0.2201641,-78.5123274,70,13.975,4,10,8,6,8,8,6,6,7,14.2,13.6,13.8,13.8,14.2,13.4,13.5,14.3,14.7,13.8,14.2,14.2,kaggle_worldwide_travel_cities,"Wander through cobblestone streets with vibrant colonial architecture, surrounded by the scent of Andean spices and the hum of lively markets."
San Salvador,El Salvador,north_america,13.6989939,-89.1914249,70,23.583333333333332,6,6,6,6,8,6,4,6,7,22.7,23.4,24.3,24.6,24.1,23.9,23.7,23.6,23.7,23.6,22.8,22.6,kaggle_worldwide_travel_cities,"Lively streets buzz with local vendors and colorful markets, while nearby volcanoes and lush landscapes offer a sense of adventure and natural beauty."
Suva,Fiji,oceania,-18.1415884,178.4421662,135,25.341666666666665,6,6,8,6,6,6,6,6,7,26.9,27.2,26.8,26.3,24.9,24.0,23.6,23.2,23.9,24.9,25.9,26.5,kaggle_worldwide_travel_cities,"Tropical breezes mingle with the vibrant bustle of markets and the warmth of welcoming locals, creating an inviting and lively atmosphere."
Toulouse,France,europe,43.6044622,1.4442469,135,14.691666666666668,4,8,6,8,8,6,6,8,7,6.2,8.2,10.4,13.1,16.5,21.1,23.5,23.5,19.8,15.7,10.4,7.9,kaggle_worldwide_travel_cities,"Charming cobblestone streets, pink-hued buildings, and a lively café culture create a welcoming atmosphere that's both vibrant and soothing."
Frankfurt,Germany,europe,50.1106444,8.6820917,135,12.216666666666669,2,8,6,8,8,4,6,10,7,3.6,4.9,7.8,11.3,15.5,20.1,21.4,21.3,16.9,12.0,7.0,4.8,kaggle_worldwide_travel_cities,"Skyscrapers and historic charm blend seamlessly, offering a dynamic cityscape where modernity meets tradition, all underlined by a vibrant cultural scene."
Accra,Ghana,africa,5.5571096,-0.2012376,70,27.849999999999998,6,8,6,6,8,6,6,6,7,28.7,29.1,29.2,29.1,28.5,27.0,26.1,25.8,26.2,27.3,28.4,28.8,kaggle_worldwide_travel_cities,"Lively streets filled with vibrant markets, rhythmic music, and the aroma of spicy street food create a captivating and energetic atmosphere."
Cayenne,French Guiana,south_america,4.9371544,-52.3258736,135,25.625,6,6,10,4,6,8,4,4,7,25.2,24.7,25.6,25.3,24.3,25.1,25.4,26.4,27.3,27.2,26.4,24.6,kaggle_worldwide_travel_cities,"Tropical vibes meet colonial charm with bustling markets, vibrant street life, and lush greenery creating a unique and inviting atmosphere."
Launceston,Australia,oceania,-41.4340813,147.1373496,135,12.524999999999999,4,6,10,4,6,8,6,6,7,18.6,17.7,16.0,12.7,9.6,7.5,7.2,8.2,10.0,11.4,14.7,16.7,kaggle_worldwide_travel_cities,"Charming streets lined with heritage buildings, surrounded by lush parks and vineyards, offer a welcoming atmosphere with a touch of rustic elegance."
Valparaíso,Chile,south_america,-33.0458456,-71.6196749,135,13.691666666666668,6,8,6,8,8,6,6,8,7,16.8,16.8,16.2,14.1,12.3,11.8,10.5,11.0,12.0,12.8,14.2,15.8,kaggle_worldwide_travel_cities,"Colorful hillside neighborhoods cascade down to the bustling port, where vibrant street art and ocean breezes create an inspiring, bohemian atmosphere."
Colmar,France,europe,48.0777517,7.3579641,135,12.275,2,8,6,4,8,4,6,4,7,3.2,5.9,8.4,10.9,15.1,20.0,21.4,21.3,17.2,12.8,6.6,4.5,kaggle_worldwide_travel_cities,"Charming canals lined with half-timbered houses and vibrant flowers create a fairy-tale atmosphere, inviting leisurely strolls and delightful discoveries."
Bratislava,Slovakia,europe,48.1516988,17.1093063,135,12.008333333333333,2,8,6,6,6,6,6,6,7,1.3,3.9,7.6,11.3,15.8,21.3,22.9,22.5,17.3,11.7,6.1,2.4,kaggle_worldwide_travel_cities,"Charming cobblestone streets and lively squares invite you to explore colorful facades, historic landmarks, and cozy cafés offering a warm, welcoming vibe."
Hong Kong,Hong Kong,asia,22.2793278,114.1628131,240,24.48333333333333,4,10,6,10,10,6,6,10,7,17.4,18.4,21.2,24.1,26.7,29.2,30.0,29.4,29.1,26.5,23.3,18.5,kaggle_worldwide_travel_cities,"A bustling metropolis where neon lights reflect off harbor waters, offering a vibrant mix of street markets, towering skyscrapers, and serene parks."
Trinidad,Cuba,north_america,21.8052055,-79.9845797,70,27.11666666666667,6,10,8,6,8,6,6,4,7,24.4,25.0,26.0,27.0,27.9,28.6,29.3,28.9,28.6,28.0,26.5,25.2,kaggle_worldwide_travel_cities,"Cobblestone streets echo with the sounds of salsa music, while colorful colonial buildings and vibrant markets create a lively, timeless atmosphere."
Plovdiv,Bulgaria,europe,42.1418541,24.7499297,70,14.133333333333335,2,8,6,6,8,6,6,6,7,2.5,5.5,9.3,13.1,17.1,22.7,25.5,25.4,20.8,14.3,8.8,4.6,kaggle_worldwide_travel_cities,"Charming cobblestone streets, vibrant street art, and ancient ruins create a unique blend of history and modernity, inviting leisurely exploration."
Maui,United States,oceania,20.8029568,-156.31068331602177,240,24.291666666666668,10,6,10,6,8,8,8,4,7,22.5,22.1,22.5,23.4,24.2,25.1,25.9,26.2,26.4,25.5,24.4,23.3,kaggle_worldwide_travel_cities,"Lush landscapes, vibrant sunsets, and the gentle sound of ocean waves create an inviting and tranquil island atmosphere perfect for unwinding."
Khiva,Uzbekistan,asia,41.3776893,60.3620006,70,14.258333333333333,2,10,6,4,6,4,4,4,7,-0.4,2.0,8.7,16.7,23.0,28.5,30.2,26.3,20.1,12.0,4.4,-0.4,kaggle_worldwide_travel_cities,"Wander through ancient, sun-drenched streets surrounded by intricately carved minarets and walls, where history whispers from every corner and time feels suspended."
Belize City,Belize,north_america,17.5002768,-88.1988737,135,27.40833333333333,6,6,8,6,8,8,6,6,7,24.6,25.5,26.8,28.2,29.0,29.0,29.0,29.0,28.8,27.6,26.2,25.2,kaggle_worldwide_travel_cities,"A vibrant mix of Caribbean charm and colonial history, with bustling markets, colorful streets, and the gentle sound of the sea nearby."
Harare,Zimbabwe,africa,-17.8567035,31.0601584,70,19.491666666666667,2,6,8,4,6,6,4,6,7,21.1,21.3,20.9,19.6,16.8,14.7,14.6,17.5,20.6,22.4,22.3,22.1,kaggle_worldwide_travel_cities,"Vibrant streets filled with colorful markets, the scent of blooming jacarandas, and a lively atmosphere make every moment feel uniquely captivating."
Ubud,Indonesia,asia,-8.5068977,115.2622931,70,27.724999999999998,4,8,10,4,8,6,10,4,7,28.0,28.0,28.3,28.4,28.0,27.4,26.7,26.5,27.1,27.7,28.4,28.2,kaggle_worldwide_travel_cities,"Lush rice terraces, serene temples, and a vibrant arts scene create a peaceful yet inspiring atmosphere perfect for rejuvenation and exploration."
Punta del Este,Uruguay,south_america,-34.9632342,-54.9439981,135,16.900000000000002,10,6,6,10,8,6,6,8,7,23.1,23.0,21.2,17.8,13.7,11.8,10.8,11.7,13.8,15.9,19.2,20.8,kaggle_worldwide_travel_cities,"Golden beaches meet vibrant nightlife, creating a lively yet laid-back atmosphere where ocean breezes, art, and music fill the air."
Rapa Nui,Chile,south_america,-27.1259317,-109.3495887,240,20.65833333333333,6,10,8,4,6,6,4,2,7,23.2,23.8,23.4,22.2,20.4,18.9,18.1,18.2,18.1,19.1,20.6,21.9,kaggle_worldwide_travel_cities,"Mystical landscapes dotted with iconic stone statues create a serene yet awe-inspiring atmosphere, perfect for those seeking a unique cultural experience."
Cork,Ireland,europe,51.8985136,-8.4726423,135,10.174999999999999,4,8,8,6,8,6,6,6,7,5.9,6.3,6.5,8.6,11.3,13.8,15.3,15.0,13.3,10.9,8.1,7.1,kaggle_worldwide_travel_cities,"Charming streets lined with colorful shops and lively pubs create a welcoming vibe, while the nearby coast offers stunning natural beauty."
Batumi,Georgia,asia,41.6509502,41.6360085,70,15.649999999999999,8,6,8,6,8,6,6,6,7,8.2,8.3,10.1,12.9,16.6,21.7,23.6,24.8,21.5,17.0,13.0,10.1,kaggle_worldwide_travel_cities,"A coastal city where lush green mountains meet the Black Sea, offering a blend of modern architecture and charming historic streets."
Vladivostok,Russia,asia,43.1150678,131.8855768,135,5.791666666666667,4,8,8,6,6,6,4,6,7,-11.5,-7.6,0.0,6.2,11.2,14.5,19.5,20.7,16.8,9.4,-0.7,-9.0,kaggle_worldwide_travel_cities,"Sweeping ocean views, bustling ports, and a mix of Russian and Asian influences create a dynamic and intriguing atmosphere."
Murmansk,Russia,asia,68.970665,33.07497,135,1.2250000000000008,2,6,8,4,4,6,4,6,7,-12.1,-8.7,-4.9,-0.2,5.7,10.6,14.5,12.6,8.3,1.6,-4.0,-8.7,kaggle_worldwide_travel_cities,"Cold winds sweep across the Arctic landscape, where northern lights dance in the sky and the stark beauty of nature feels otherworldly."
Moscow,Russia,asia,55.625578,37.6063916,135,6.841666666666668,2,10,4,8,8,6,6,10,7,-5.8,-4.5,-0.1,7.1,12.9,18.5,19.3,18.8,12.8,6.4,0.2,-3.5,kaggle_worldwide_travel_cities,"Grand architecture, vibrant streets, and a rich cultural tapestry create a dynamic atmosphere where history and modern life intertwine seamlessly."
St Petersburg,Russia,asia,59.9606739,30.1586551,135,6.825,2,10,6,8,8,4,6,10,7,-4.5,-3.3,0.3,5.2,11.8,17.2,18.6,17.7,13.0,6.4,1.5,-2.0,kaggle_worldwide_travel_cities,"Grand palaces and winding canals create an enchanting atmosphere, where every corner reveals rich history and artistic treasures."
Caye Caulker,Belize,north_america,17.7395148,-88.0336867,70,27.408333333333335,8,6,8,6,8,8,6,4,7,24.6,25.6,26.8,28.1,29.0,29.0,29.0,29.0,28.8,27.6,26.2,25.2,kaggle_worldwide_travel_cities,"Charming sandy streets, vibrant Caribbean colors, and a laid-back vibe invite you to unwind and soak up the island's easygoing atmosphere."
Fort Lauderdale,United States,north_america,26.1223084,-80.1433786,135,25.53333333333333,10,6,6,8,8,6,8,8,7,20.4,22.3,23.4,25.4,26.7,28.1,29.0,29.1,28.3,26.9,24.4,22.4,kaggle_worldwide_travel_cities,"Palm-lined beaches and vibrant nightlife create an inviting atmosphere, where the gentle ocean breeze and warm sun make relaxation effortless."
Abu Dhabi,United Arab Emirates,middle_east,24.4538352,54.3774014,240,29.249999999999996,8,8,6,6,8,6,8,10,7,20.5,21.6,24.6,28.5,32.5,34.9,36.8,36.5,34.4,31.2,26.9,22.6,kaggle_worldwide_travel_cities,"Modern skyscrapers meet serene desert landscapes, offering a blend of luxury and tradition with vibrant souks and stunning coastal views."
Casablanca,Morocco,africa,33.5945144,-7.6200284,70,19.341666666666665,6,8,4,8,8,6,6,8,7,14.3,14.9,16.1,18.2,20.3,22.1,23.9,24.4,23.2,21.4,17.7,15.6,kaggle_worldwide_travel_cities,"Vibrant markets, aromatic spices, and stunning architecture create an inviting atmosphere, blending modern energy with rich cultural heritage."
Meknes,Morocco,africa,33.8984131,-5.5321582,70,18.05,2,8,6,4,8,4,6,6,7,10.3,11.6,13.2,15.4,19.7,22.7,26.7,27.0,23.2,20.3,14.6,11.9,kaggle_worldwide_travel_cities,Winding streets filled with the scent of spices and the sound of lively markets create a captivating and intimate experience.
Gold Coast,Australia,oceania,-28.0023731,153.4145987,135,20.558333333333334,10,6,8,8,8,8,6,8,7,24.6,24.6,23.7,21.1,18.4,16.6,15.8,16.8,18.5,20.5,22.2,23.9,kaggle_worldwide_travel_cities,"Endless beaches and vibrant nightlife create a lively yet laid-back vibe, with surfers and sun-seekers enjoying the warm, golden sands."
Rarotonga,Cook Islands,oceania,-21.2368312,-159.7774744,135,24.758333333333336,10,6,10,4,6,8,8,4,7,26.6,26.8,26.9,26.0,24.8,23.6,22.9,22.7,23.1,23.4,24.6,25.7,kaggle_worldwide_travel_cities,"Lush green mountains meet crystal-clear lagoons, offering a tranquil escape where the gentle rhythm of island life captivates your senses."
Funafuti,Tuvalu,oceania,-8.5199633,179.1982548,240,29.075000000000003,8,4,6,2,4,4,4,2,7,29.2,28.8,29.2,29.2,29.3,29.2,28.9,28.8,29.0,29.1,29.2,29.0,kaggle_worldwide_travel_cities,"Gentle sea breezes, vibrant sunsets, and the rhythmic sound of waves create a serene backdrop for a truly tranquil escape."
Playa del Carmen,Mexico,north_america,20.6308643,-87.0779503,135,27.10833333333333,10,6,8,8,8,8,8,6,7,24.7,25.0,26.4,27.3,28.7,28.3,29.1,28.8,28.2,27.4,26.2,25.2,kaggle_worldwide_travel_cities,"Sun-drenched beaches, vibrant nightlife, and a laid-back vibe create an inviting atmosphere perfect for both adventure and relaxation."
Sharm El Sheikh,Egypt,africa,27.8644422,34.295447,135,24.683333333333334,10,6,8,8,6,8,8,6,7,14.9,15.7,19.3,24.4,28.7,32.3,33.0,33.0,31.0,26.4,20.8,16.7,kaggle_worldwide_travel_cities,Crystal-clear waters and vibrant coral reefs invite you to explore a world of underwater wonders while sun-drenched beaches promise pure relaxation.
Ayers Rock,Australia,oceania,-25.3455545,131.0369615,240,23.0,2,8,10,2,4,8,6,2,7,31.1,30.8,28.3,22.2,17.1,13.6,13.6,17.1,21.0,25.2,26.2,29.8,kaggle_worldwide_travel_cities,"The vast, red desert landscape offers a profound sense of solitude, with breathtaking sunsets and the spiritual aura of ancient rock formations."
Moorea,French Polynesia,oceania,-17.533306,-149.8386006,240,26.53333333333333,10,6,10,4,8,8,10,4,7,26.8,27.2,27.4,27.2,26.9,26.0,25.5,25.3,25.7,26.1,27.0,27.3,kaggle_worldwide_travel_cities,"Lush green mountains meet turquoise lagoons, creating a serene paradise where gentle ocean breezes and vibrant coral reefs invite endless exploration."
Salzburg,Austria,europe,47.7981346,13.0464806,135,10.549999999999999,2,10,8,6,8,6,6,6,7,0.8,3.0,5.7,10.0,14.0,19.0,20.3,20.0,15.2,11.1,5.3,2.2,kaggle_worldwide_travel_cities,"Charming cobblestone streets lead to stunning baroque architecture and cozy coffeehouses, creating a warm, inviting atmosphere that's both historic and lively."
Turin,Italy,europe,45.0677551,7.6824892,135,13.133333333333333,2,10,6,6,8,4,6,8,7,3.1,5.4,7.8,12.6,15.7,21.4,24.2,23.4,19.1,13.9,7.9,3.1,kaggle_worldwide_travel_cities,"Strolling through elegant piazzas and baroque architecture, you'll feel the city's rich history and vibrant cultural scene come alive around you."
Lugano,Switzerland,europe,46.0050102,8.9520281,240,13.299999999999999,4,6,10,6,8,6,8,6,7,3.7,5.9,8.9,12.6,16.4,21.4,23.9,22.9,18.4,13.6,7.9,4.0,kaggle_worldwide_travel_cities,"Nestled by a serene lake and surrounded by lush mountains, this charming spot offers a delightful blend of Swiss and Italian cultures."
Goa,India,asia,15.3004543,74.0855134,135,27.58333333333334,10,8,6,10,8,8,6,6,7,26.0,27.0,28.2,29.5,29.8,27.7,26.5,26.5,26.8,27.8,28.1,27.1,kaggle_worldwide_travel_cities,"Golden beaches stretch endlessly alongside vibrant markets and aromatic spice-scented air, offering a perfect blend of relaxation and lively culture."
Islamabad,Pakistan,asia,33.6938118,73.0651511,135,22.316666666666666,2,8,10,4,8,6,6,6,7,10.8,14.4,18.7,24.0,28.8,31.3,29.9,29.4,28.2,23.5,16.8,12.0,kaggle_worldwide_travel_cities,"Serene tree-lined streets, vibrant markets, and stunning views of the Margalla Hills offer a peaceful yet dynamic experience."
Fortaleza,Brazil,south_america,-3.7304512,-38.5217989,135,27.674999999999997,10,6,6,8,8,8,6,6,7,27.9,27.8,27.5,27.6,27.7,27.4,27.1,27.2,27.5,27.9,28.2,28.3,kaggle_worldwide_travel_cities,"Golden beaches with rolling waves, bustling markets, and vibrant nightlife create an energetic blend of relaxation and excitement."
Antofagasta,Chile,south_america,-23.6463741,-70.3980033,135,16.849999999999998,6,6,8,4,6,6,4,6,7,20.2,20.7,19.3,17.5,15.7,14.6,14.1,14.3,14.7,15.4,17.1,18.6,kaggle_worldwide_travel_cities,"A coastal city where the desert meets the sea, offering dramatic landscapes, vibrant sunsets, and a unique blend of tranquility and adventure."
Bariloche,Argentina,south_america,-41.1334781,-71.3101474,135,8.875,4,6,10,6,8,10,6,6,7,15.9,15.9,12.6,8.8,5.4,3.1,2.1,3.5,5.5,8.0,11.5,14.2,kaggle_worldwide_travel_cities,Lakeside vistas and snow-capped mountains create a serene backdrop for outdoor adventures and cozy evenings in charming alpine-style lodges.
Quebec City,Canada,north_america,46.8137431,-71.2084061,135,6.075,4,10,8,6,8,6,6,8,7,-9.4,-9.1,-3.5,3.9,12.6,17.4,20.7,19.8,15.8,8.5,1.3,-5.1,kaggle_worldwide_travel_cities,"Cobblestone streets and historic architecture create a charming old-world atmosphere, with lively festivals and cozy bistros offering a warm, inviting experience."
Zion National Park,United States,north_america,37.3247408,-113.0048036,135,13.725,2,4,10,2,4,10,6,2,7,1.6,3.5,6.7,12.6,18.0,24.5,28.1,25.4,20.9,14.7,6.1,2.6,kaggle_worldwide_travel_cities,"Towering red rock cliffs and serene hiking trails offer a breathtaking escape into nature, where every turn reveals a stunning new vista."
Espiritu Santo,Vanuatu,oceania,-15.1563411,167.0510705,135,26.358333333333334,10,6,10,4,6,8,6,2,7,27.3,27.4,27.0,27.1,26.2,25.6,25.2,24.9,25.4,26.1,26.8,27.3,kaggle_worldwide_travel_cities,"Lush rainforests, crystal-clear waters, and vibrant coral reefs create an idyllic setting for adventure and relaxation on this tropical island."
Kota Kinabalu,Malaysia,asia,5.9780066,116.0728988,135,27.83333333333334,8,6,10,6,8,8,6,6,7,27.3,27.3,27.7,28.5,28.8,28.1,27.9,28.0,27.7,27.6,27.6,27.5,kaggle_worldwide_travel_cities,"Lush rainforests meet vibrant city life, offering a blend of natural wonders and cultural richness that invites exploration and adventure."
Lake Tahoe,United States,north_america,39.0885405,-120.0503528,240,7.324999999999999,6,4,10,6,6,10,8,4,7,-1.6,-0.2,3.0,5.3,8.8,14.8,18.3,17.3,13.8,8.1,1.3,-1.0,kaggle_worldwide_travel_cities,"Pristine blue waters surrounded by towering pines and mountains create a serene escape, perfect for both adventure and relaxation in nature's embrace."
Antalya,Turkey,asia,36.8865728,30.7030242,135,19.966666666666665,10,8,8,8,8,8,8,6,7,10.9,11.8,14.0,17.6,21.7,25.9,30.1,29.5,26.7,22.2,16.8,12.4,kaggle_worldwide_travel_cities,"Sun-drenched beaches meet ancient ruins and bustling bazaars, offering a blend of relaxation and cultural exploration in a picturesque coastal setting."
Cappadocia,Turkey,asia,38.6386753,34.8457712,135,12.808333333333332,2,8,10,4,8,8,6,4,7,1.3,3.1,6.4,12.4,16.2,20.4,23.8,24.3,20.0,14.4,8.0,3.4,kaggle_worldwide_travel_cities,"Imagine drifting over surreal landscapes in a hot air balloon, where ancient rock formations and vibrant valleys create an otherworldly experience."
Sidi Bou Said,Tunisia,africa,36.8710935,10.3490516,70,20.066666666666666,8,8,6,6,8,4,6,4,7,12.4,13.0,14.8,17.4,20.9,25.7,29.0,28.7,26.0,22.0,17.2,13.7,kaggle_worldwide_travel_cities,"Whitewashed buildings with blue accents overlook the Mediterranean, offering a serene atmosphere filled with gentle sea breezes and vibrant local art."
Tehran,Iran,middle_east,35.6892523,51.3896004,70,18.924999999999997,2,10,6,6,8,6,6,8,7,5.8,8.0,13.0,18.4,24.0,30.0,32.1,30.6,26.7,19.6,11.7,7.2,kaggle_worldwide_travel_cities,"Bustling bazaars and serene parks coexist with historic palaces and modern art scenes, offering a rich tapestry of culture and hospitality."
Byron Bay,Australia,oceania,-28.6483333,153.6177778,135,19.291666666666668,10,6,10,6,8,8,10,4,7,23.3,23.2,22.5,19.8,16.7,14.9,14.4,15.8,17.6,19.4,21.1,22.8,kaggle_worldwide_travel_cities,"A laid-back coastal vibe with stunning beaches, vibrant markets, and lush hinterlands offering a perfect blend of relaxation and adventure."
Port Douglas,Australia,oceania,-16.4845983,145.4636294,240,25.25,10,6,10,4,8,8,8,4,7,27.6,27.3,27.1,26.3,24.2,23.2,22.3,22.5,23.7,25.3,26.3,27.2,kaggle_worldwide_travel_cities,"Tropical breezes, lush rainforests, and the vibrant coral of the Great Barrier Reef create a serene paradise perfect for unwinding and adventure."
Tahiti,French Polynesia,oceania,-17.6873439,-149.4451681,240,26.53333333333333,10,6,10,4,8,8,10,4,7,26.8,27.2,27.4,27.2,26.9,26.0,25.5,25.3,25.7,26.1,27.0,27.3,kaggle_worldwide_travel_cities,"Lush landscapes and tranquil lagoons invite a sense of serenity, where vibrant markets and local flavors add a touch of island warmth."
Santa Cruz de la Sierra,Bolivia,south_america,-17.7834217,-63.1820853,70,25.349999999999994,2,6,8,6,6,6,6,6,7,27.5,27.1,26.7,25.3,22.0,21.0,22.1,24.0,26.4,27.2,27.5,27.4,kaggle_worldwide_travel_cities,"A bustling city with vibrant markets, lush parks, and a warm tropical climate that invites you to explore its lively streets and local flavors."
Montego Bay,Jamaica,north_america,18.4724603,-77.9217357,135,27.53333333333333,10,6,8,8,8,8,6,6,7,26.0,25.9,26.4,27.2,27.9,28.5,29.0,28.9,28.6,28.1,27.2,26.7,kaggle_worldwide_travel_cities,"Golden beaches meet turquoise waters, creating a laid-back vibe where reggae rhythms and the scent of jerk spices fill the air."
Acapulco,Mexico,north_america,16.8680495,-99.8940182,135,28.250000000000004,8,6,6,8,8,8,6,6,7,27.1,27.3,27.4,27.9,29.0,29.1,29.3,29.0,28.8,28.5,28.1,27.5,kaggle_worldwide_travel_cities,"Golden beaches meet vibrant nightlife, where the sound of crashing waves and lively music create an atmosphere that's both thrilling and laid-back."
Manuel Antonio National Park,Costa Rica,north_america,9.3701476,-84.1520793,135,21.258333333333333,10,4,10,4,6,8,6,2,7,20.8,20.8,21.3,21.7,22.2,21.3,21.7,21.3,21.2,21.0,20.9,20.9,kaggle_worldwide_travel_cities,"Lush rainforests meet sandy beaches under a vibrant sun, where playful monkeys and colorful birds create an enchanting, tropical experience."
Kuwait City,Kuwait,middle_east,29.3796532,47.9734174,240,27.66666666666666,6,6,4,6,8,4,6,8,7,14.1,16.2,20.9,26.7,33.3,38.6,40.2,39.4,36.0,29.4,21.4,15.8,kaggle_worldwide_travel_cities,"A modern skyline meets traditional souks, where the aroma of spices and the warmth of the desert sun create an inviting atmosphere."
Uluru,Australia,oceania,-25.3455545,131.0369615,240,23.0,2,8,10,2,6,8,6,2,7,31.1,30.8,28.3,22.2,17.1,13.6,13.6,17.1,21.0,25.2,26.2,29.8,kaggle_worldwide_travel_cities,"The vast, red desert landscape is both humbling and awe-inspiring, with sunsets casting a magical glow over the ancient rock formations."
Lautoka,Fiji,oceania,-17.6043956,177.4530138,135,25.8,8,6,8,4,6,8,8,4,7,27.1,27.4,26.8,26.6,25.1,24.2,24.0,24.0,24.9,25.8,26.7,27.0,kaggle_worldwide_travel_cities,"A vibrant port city where the aroma of sugarcane wafts through the air, blending with the lively sounds of bustling markets."
Nadi,Fiji,oceania,-17.7992725,177.4178549,135,25.8,10,6,10,6,6,8,8,4,7,27.1,27.4,26.8,26.6,25.1,24.2,24.0,24.0,24.9,25.8,26.7,27.0,kaggle_worldwide_travel_cities,"Tropical breezes and vibrant markets greet you, where lush greenery meets sandy beaches, creating a laid-back yet lively atmosphere."
Lausanne,Switzerland,europe,46.5218269,6.6327025,240,10.058333333333334,2,8,8,6,8,6,8,8,7,0.8,3.5,6.0,8.6,12.5,17.6,19.6,19.2,15.0,10.7,5.1,2.1,kaggle_worldwide_travel_cities,"Nestled by the lake, this city charms with its blend of historic architecture, vibrant cultural scene, and stunning alpine views."
Vilamoura,Portugal,europe,37.0759505,-8.1165401,135,18.466666666666665,10,6,8,8,8,6,8,6,7,12.8,13.7,14.6,16.8,19.8,22.0,24.4,24.7,22.4,20.0,16.2,14.2,kaggle_worldwide_travel_cities,"Sun-drenched marina views, vibrant nightlife, and golden beaches create a lively yet relaxed atmosphere perfect for unwinding and enjoying coastal charm."
Cologne,Germany,europe,50.938361,6.959974,135,12.258333333333333,2,8,6,8,8,4,6,8,7,4.2,5.6,7.9,11.0,15.2,19.5,20.4,20.4,16.5,12.5,7.9,6.0,kaggle_worldwide_travel_cities,"Charming cobblestone streets, the majestic cathedral, and lively beer halls create a welcoming atmosphere filled with history and vibrant local culture."
Pisa,Italy,europe,43.4714722,10.6797912,135,15.266666666666667,4,8,6,6,8,4,6,6,7,6.3,7.8,10.4,13.0,17.1,22.6,25.6,25.5,20.8,15.9,11.0,7.2,kaggle_worldwide_travel_cities,"Charming narrow streets open up to sunlit squares, with the aroma of fresh pasta and the sound of church bells filling the air."
Kandy,Sri Lanka,asia,7.2931208,80.6350358,70,27.549999999999997,2,10,8,4,8,6,6,6,7,26.6,27.2,28.7,28.8,28.4,28.1,27.8,27.9,27.2,26.9,26.6,26.4,kaggle_worldwide_travel_cities,"Lush hills, serene lakes, and the scent of temple incense create a tranquil atmosphere that's both spiritually uplifting and visually stunning."
Yangon,Myanmar,asia,16.7967129,96.1609916,70,27.941666666666666,2,8,6,4,8,6,6,6,7,25.5,27.0,29.4,31.0,30.1,27.6,27.1,27.2,27.6,28.0,28.2,26.6,kaggle_worldwide_travel_cities,"Bustling streets filled with vibrant markets, golden pagodas glistening in the sun, and the warm smiles of locals create a welcoming energy."
Lima,Peru,south_america,-12.0621065,-77.0365256,135,19.866666666666664,4,10,6,8,10,6,6,8,7,22.9,24.0,23.4,21.6,19.4,18.2,17.3,16.8,16.9,17.7,19.2,21.0,kaggle_worldwide_travel_cities,"A lively blend of colonial charm and vibrant modernity, with bustling markets, ocean views, and the tantalizing aroma of street food."
Iguazu Falls,Argentina,south_america,-25.6925324,-54.4411144,135,21.833333333333332,2,6,10,4,6,10,6,4,7,26.0,25.6,24.4,22.0,18.2,17.0,16.7,18.6,21.4,22.6,24.0,25.5,kaggle_worldwide_travel_cities,The thunderous roar of cascading water and the lush embrace of the surrounding rainforest create an awe-inspiring natural spectacle.
Santa Marta,Colombia,south_america,11.2320944,-74.1950916,70,29.35833333333333,8,8,10,6,8,8,6,6,7,28.7,29.1,29.5,30.1,30.2,29.8,29.6,29.4,29.3,28.9,28.7,29.0,kaggle_worldwide_travel_cities,"Golden beaches meet lush mountains, creating a laid-back vibe where you can savor fresh seafood and vibrant sunsets by the sea."
Cali,Colombia,south_america,3.4519988,-76.5325259,70,23.875,4,8,6,10,8,6,6,6,7,23.9,24.3,23.9,23.8,23.7,23.7,24.1,24.2,24.3,23.5,23.4,23.7,kaggle_worldwide_travel_cities,"Lively streets filled with salsa rhythms, vibrant street art, and the aroma of empanadas create an infectious energy that's hard to resist."
Cancun,Mexico,north_america,21.1527467,-86.8425761,135,26.558333333333337,10,6,6,10,8,8,8,6,7,23.7,24.6,25.9,26.9,28.0,28.2,28.8,28.4,27.8,27.0,25.3,24.1,kaggle_worldwide_travel_cities,"Powdery white sand beaches, turquoise waters, and lively nightlife create a vibrant atmosphere perfect for both relaxation and adventure."
San Antonio,United States,north_america,29.4246002,-98.4951405,135,21.658333333333335,2,8,6,6,8,6,6,8,7,11.6,13.8,18.4,21.6,25.4,28.5,29.6,30.1,27.7,22.8,16.8,13.6,kaggle_worldwide_travel_cities,Historic missions and lively riverside pathways invite you to wander through a city rich with cultural charm and Texan hospitality.
Malaga,Spain,europe,36.7213028,-4.4216366,135,19.14166666666667,8,8,6,8,8,6,6,8,7,12.5,13.5,15.0,16.9,20.1,23.8,26.6,27.1,24.3,20.3,16.1,13.5,kaggle_worldwide_travel_cities,"Sun-drenched beaches, vibrant tapas bars, and historic architecture create a lively yet relaxed atmosphere that invites leisurely exploration and indulgence."
Medellín,Colombia,south_america,6.2697324,-75.6025597,135,22.708333333333332,2,8,6,8,8,8,6,8,7,21.6,22.6,22.9,21.6,22.8,23.4,23.9,23.9,22.7,22.3,22.0,22.8,kaggle_worldwide_travel_cities,"Lush green hills surround a vibrant city buzzing with music, art, and the warmth of its welcoming people, offering endless exploration."
Granada,Spain,europe,37.1734995,-3.5995337,135,16.583333333333332,4,10,6,8,10,6,6,8,7,7.4,9.3,11.1,14.4,18.8,23.4,27.8,27.2,22.0,17.5,11.5,8.6,kaggle_worldwide_travel_cities,"Winding cobblestone streets lead to vibrant plazas filled with the aromas of tapas, while the Alhambra's majestic presence captivates with its historic allure."
Linz,Austria,europe,48.3059078,14.286198,135,11.083333333333336,2,8,6,6,6,4,6,8,7,0.9,3.3,5.8,10.7,15.0,20.1,21.3,21.0,16.1,11.1,5.4,2.3,kaggle_worldwide_travel_cities,"A blend of historic charm and modern innovation, with riverside walks, vibrant arts scenes, and a welcoming atmosphere that invites exploration."
Leipzig,Germany,europe,51.3406321,12.3747329,135,10.983333333333333,2,8,6,8,8,4,6,8,7,2.4,3.4,5.8,9.5,14.2,19.0,20.1,20.2,15.8,11.2,6.1,4.1,kaggle_worldwide_travel_cities,"Charming cobblestone streets, vibrant arts scene, and lively music venues create a welcoming vibe that's both culturally rich and refreshingly laid-back."
Hue,Vietnam,asia,16.4639321,107.5863388,70,26.0,4,10,6,4,8,6,6,6,7,20.6,21.5,24.4,26.9,29.0,30.5,30.0,30.0,28.0,25.7,24.4,21.0,kaggle_worldwide_travel_cities,"Ancient temples and serene riverside views offer a peaceful escape, with fragrant street food and friendly locals adding to the charm."
Braga,Portugal,europe,41.5510583,-8.4280045,135,14.999999999999998,4,8,6,6,8,4,6,6,7,9.7,11.3,12.7,14.1,16.5,17.6,19.6,19.4,18.7,16.2,13.1,11.1,kaggle_worldwide_travel_cities,"Charming cobblestone streets and ancient churches create a serene atmosphere, while lively squares and local eateries offer a warm, welcoming experience."
Ha Long,Vietnam,asia,20.9528365,107.0800003,70,23.925,6,6,10,4,8,8,6,4,7,17.2,18.1,21.1,24.0,27.4,29.4,28.9,28.2,27.6,24.8,22.6,17.8,kaggle_worldwide_travel_cities,"Misty limestone karsts rise dramatically from emerald waters, creating a serene and mystical atmosphere perfect for peaceful exploration and reflection."
Manaus,Brazil,south_america,-3.1316333,-59.9825041,135,27.625,4,8,10,6,8,8,6,6,7,26.8,26.8,26.7,26.8,27.0,27.2,27.9,28.8,29.3,28.9,28.2,27.1,kaggle_worldwide_travel_cities,"A bustling gateway to the Amazon, where vibrant markets, lush rainforests, and the confluence of rivers create a unique sensory adventure."
San Andrés,Colombia,south_america,12.5375979,-81.7204155,135,28.20833333333334,10,4,8,6,6,8,6,4,7,27.4,27.4,27.7,28.3,28.8,28.6,28.7,28.7,28.6,28.2,28.1,28.0,kaggle_worldwide_travel_cities,"Turquoise waters, vibrant coral reefs, and a laid-back island vibe invite you to unwind and enjoy the sun-drenched beaches and local culture."
Búzios,Brazil,south_america,-22.7597805,-41.8875267,135,23.874999999999996,10,6,8,8,8,8,6,4,7,26.0,26.5,26.4,24.5,23.0,21.9,21.2,21.5,22.7,23.5,23.9,25.4,kaggle_worldwide_travel_cities,Charming cobblestone streets lined with vibrant boutiques and cozy beachside bars create a laid-back vibe perfect for unwinding and soaking up the sun.
Florianópolis,Brazil,south_america,-27.5973002,-48.5496098,135,21.3,10,6,10,8,8,8,6,8,7,25.2,25.2,24.6,22.3,19.6,17.8,17.0,17.9,19.4,20.7,22.0,23.9,kaggle_worldwide_travel_cities,"A blend of vibrant beaches, lush greenery, and lively markets creates a laid-back yet energetic vibe perfect for unwinding and exploring."
San Carlos de Bariloche,Argentina,south_america,-41.1334781,-71.3101474,135,8.875,4,6,10,6,8,10,6,6,7,15.9,15.9,12.6,8.8,5.4,3.1,2.1,3.5,5.5,8.0,11.5,14.2,kaggle_worldwide_travel_cities,"Nestled in the Andes, this destination offers stunning lake views, cozy alpine-style chalets, and a sense of tranquility amidst breathtaking natural beauty."
Niagara Falls,Canada,north_america,43.1065603,-79.0639039,135,10.216666666666669,4,6,10,6,6,8,6,6,7,-2.9,-2.3,2.1,7.7,15.3,20.1,23.3,21.9,18.5,11.9,5.4,1.6,kaggle_worldwide_travel_cities,"Roaring waters cascade with breathtaking power, mist hangs in the air, and the vibrant energy of nature leaves you in awe."
Darwin,Australia,oceania,-12.46044,130.8410469,135,27.916666666666668,6,6,8,6,6,8,6,6,7,28.5,28.5,28.7,28.5,27.2,25.8,25.1,26.2,28.0,29.4,29.6,29.5,kaggle_worldwide_travel_cities,"A vibrant blend of tropical climate, diverse wildlife, and rich Indigenous culture creates an inviting and adventurous atmosphere for exploration and discovery."
Great Barrier Reef,Australia,oceania,-16.35,145.9,240,25.25,10,4,10,4,6,10,6,2,7,27.6,27.3,27.1,26.3,24.2,23.2,22.3,22.5,23.7,25.3,26.3,27.2,kaggle_worldwide_travel_cities,Crystal-clear waters teeming with vibrant marine life and coral formations create a mesmerizing underwater world perfect for exploration and awe.
Amritsar,India,asia,31.6356659,74.8787496,70,23.274999999999995,2,10,6,4,10,4,6,6,7,11.0,15.1,19.8,26.0,30.9,32.2,30.5,30.0,28.7,24.6,18.0,12.5,kaggle_worldwide_travel_cities,"Golden hues of the temple shimmer in the sun, while the aroma of spices and the hum of prayers create a serene, vibrant atmosphere."
Machu Picchu,Peru,south_america,-13.164422,-72.5450851,240,12.883333333333335,2,10,10,2,6,10,4,2,7,13.3,13.2,13.2,13.0,11.9,11.1,11.0,12.5,13.5,14.0,14.6,13.3,kaggle_worldwide_travel_cities,"Misty mountain peaks and ancient stone terraces create a mystical atmosphere, inviting you to explore and connect with history and nature."
Antwerp,Belgium,europe,51.2211097,4.3997081,135,11.75,2,8,4,8,8,4,6,8,7,4.5,5.6,7.9,10.2,14.3,18.1,19.2,19.2,15.9,12.2,7.7,6.2,kaggle_worldwide_travel_cities,"Cobblestone streets lined with historic buildings, vibrant art scenes, and bustling markets create a lively yet charmingly intimate atmosphere."
Nuremberg,Germany,europe,49.453872,11.077298,135,10.583333333333334,2,8,6,6,8,4,6,8,7,1.6,2.9,5.8,9.6,14.1,18.9,20.2,19.9,15.2,10.5,5.4,2.9,kaggle_worldwide_travel_cities,"Charming medieval streets, vibrant markets, and a rich history offer a delightful blend of old-world charm and modern vibrancy."
Funchal,Portugal,europe,32.6496497,-16.9086783,135,20.125,6,8,10,6,8,6,8,6,7,17.4,17.2,17.4,18.2,19.5,21.0,22.6,23.9,23.3,22.3,20.0,18.7,kaggle_worldwide_travel_cities,"Charming cobblestone streets lined with vibrant flowers, ocean breezes, and the aroma of local cuisine create a welcoming and relaxed atmosphere."
Nuwara Eliya,Sri Lanka,asia,7.012402,80.7571612,70,16.216666666666665,2,6,10,4,6,6,8,4,7,15.0,15.4,16.4,17.0,17.4,17.0,16.4,16.2,16.1,16.1,16.1,15.5,kaggle_worldwide_travel_cities,"Mist-covered hills and lush tea plantations create a cool, serene atmosphere, perfect for unwinding and soaking in nature's beauty."
Naypyidaw,Myanmar,asia,19.7753289,96.1032552,70,26.575,2,4,6,2,4,4,4,4,7,22.2,24.1,28.0,30.9,29.5,27.0,26.9,26.6,26.8,26.8,25.9,24.2,kaggle_worldwide_travel_cities,"Wide, quiet streets and sprawling landscapes create a serene atmosphere, offering a unique glimpse into a city designed for calm exploration."
Rosario,Argentina,south_america,-32.9593609,-60.6617024,135,18.258333333333333,4,8,6,8,8,6,6,8,7,25.4,24.4,21.8,18.5,14.1,11.5,10.8,13.0,15.6,18.3,21.7,24.0,kaggle_worldwide_travel_cities,"Riverfront parks, lively streets, and a mix of modern and historic architecture create a welcoming atmosphere that's both vibrant and laid-back."
Nazca,Peru,south_america,-14.8277203,-74.9370624,70,20.133333333333333,2,8,6,4,6,6,4,4,7,23.4,24.1,24.3,22.2,19.1,16.8,16.4,16.9,17.2,19.3,20.1,21.8,kaggle_worldwide_travel_cities,"Endless desert landscapes meet ancient mysteries, with a quiet charm that invites you to explore its enigmatic lines and vibrant local culture."
Los Cabos,Mexico,north_america,21.166121,-100.936442,135,19.541666666666668,10,6,8,8,8,8,8,6,7,15.5,17.3,20.3,23.1,23.3,22.2,20.7,20.6,19.9,19.0,17.7,14.9,kaggle_worldwide_travel_cities,"Golden beaches meet the azure sea, with vibrant nightlife and serene desert landscapes offering a captivating blend of relaxation and adventure."
Charleston,United States,north_america,32.7884363,-79.9399309,135,19.683333333333334,6,8,6,6,10,6,6,6,7,10.3,12.7,16.2,19.1,23.2,26.3,27.9,27.3,25.2,20.5,15.2,12.3,kaggle_worldwide_travel_cities,"Charming cobblestone streets lined with historic homes, the scent of saltwater in the air, and a welcoming Southern hospitality create a warm atmosphere."
Cozumel,Mexico,north_america,20.4320599,-86.9206906,135,27.10833333333333,10,6,8,6,8,8,6,4,7,24.7,25.0,26.4,27.3,28.7,28.3,29.1,28.8,28.2,27.4,26.2,25.2,kaggle_worldwide_travel_cities,"Crystal-clear waters, lively coral reefs, and gentle ocean breezes create a serene paradise perfect for snorkeling, diving, and unwinding by the beach."
Lille,France,europe,50.6365654,3.0635282,135,11.766666666666667,2,8,4,6,8,4,6,8,7,4.2,5.6,7.7,10.4,14.2,17.9,19.4,19.4,16.1,12.4,7.9,6.0,kaggle_worldwide_travel_cities,"Charming cobblestone streets, vibrant squares, and a mix of Flemish and French influences create a welcoming atmosphere full of character and warmth."
Arica,Chile,south_america,-18.4785288,-70.3211394,70,19.316666666666666,8,6,8,6,6,8,6,4,7,22.4,23.2,22.1,20.5,18.7,17.5,16.4,16.4,16.4,17.9,19.4,20.9,kaggle_worldwide_travel_cities,"Sun-drenched coastal vibes mix with desert landscapes, offering a unique blend of serene beaches and captivating cultural history."
Plitvice Lakes,Croatia,europe,44.8523012,15.590349,135,12.783333333333333,2,4,10,2,6,8,6,2,7,3.1,5.9,8.6,11.2,15.3,21.0,22.8,22.2,17.2,13.5,7.9,4.7,kaggle_worldwide_travel_cities,"Wandering through lush forests and cascading waterfalls, you'll feel a serene connection with nature, surrounded by vibrant turquoise lakes and tranquil pathways."
Taupo,New Zealand,oceania,-38.6866197,176.0694773,135,12.433333333333332,4,6,10,6,6,10,8,4,7,17.7,17.7,15.1,12.8,10.0,8.5,7.6,7.8,9.5,11.6,14.3,16.6,kaggle_worldwide_travel_cities,"Nestled by a sparkling lake and surrounded by geothermal wonders, this place offers a serene escape with stunning natural beauty and adventure."
Yellowstone National Park,United States,north_america,44.6200885,-110.5606893,135,0.30833333333333285,2,4,10,2,4,10,6,2,7,-11.1,-10.3,-6.3,-2.3,3.4,9.4,13.6,12.4,7.9,1.9,-6.0,-8.9,kaggle_worldwide_travel_cities,"Expansive landscapes filled with geysers, hot springs, and diverse wildlife create an awe-inspiring experience of natural beauty and tranquility."
Key West,United States,north_america,24.5548262,-81.8020722,240,27.625,10,6,8,8,8,8,6,6,7,22.6,24.0,25.1,26.2,29.0,30.2,31.9,31.6,30.6,28.4,27.2,24.7,kaggle_worldwide_travel_cities,"Sun-drenched streets with a laid-back vibe, vibrant art scenes, and ocean breezes create a carefree, tropical escape full of charm."
Dunedin,New Zealand,oceania,-45.8740984,170.5035755,135,10.491666666666667,6,8,8,6,6,6,6,6,7,15.1,14.8,13.4,10.8,8.4,6.1,5.9,6.8,8.4,10.0,12.3,13.9,kaggle_worldwide_travel_cities,"Charming streets lined with historic architecture and lush greenery create a peaceful atmosphere, inviting leisurely strolls and moments of quiet reflection."
Kangaroo Island,Australia,oceania,-35.8182635,137.1566125,135,15.100000000000001,8,6,10,4,6,8,6,2,7,19.8,19.6,18.4,15.6,13.4,11.8,10.8,11.4,12.7,14.3,15.8,17.6,kaggle_worldwide_travel_cities,"Wild landscapes and pristine beaches create a serene escape, where you can encounter unique wildlife and feel truly connected to nature."
Bay of Islands,New Zealand,oceania,-35.2550085,174.1626731,135,16.474999999999998,8,6,10,4,6,8,6,4,7,20.3,20.0,18.9,17.7,14.9,14.2,13.3,13.0,14.0,15.0,17.2,19.2,kaggle_worldwide_travel_cities,"Lush green islands dotting azure waters, where dolphins play and sunsets paint the sky, create a serene escape from the everyday."
Aarhus,Denmark,europe,56.1496278,10.2134046,135,9.866666666666667,6,8,6,6,8,4,6,8,7,2.9,3.0,5.0,7.2,12.7,16.5,17.6,17.5,14.6,10.6,6.4,4.4,kaggle_worldwide_travel_cities,"Charming streets lined with modern architecture and cozy cafes create a welcoming atmosphere, with a vibrant cultural scene that feels refreshingly authentic."
Vancouver Island,Canada,north_america,49.5929495,-125.702557,135,9.875,8,6,10,4,6,8,8,4,7,3.5,4.0,6.0,9.0,12.5,15.0,17.5,17.0,14.0,10.0,6.0,4.0,kaggle_worldwide_travel_cities,"Lush rainforests, rugged coastlines, and charming towns create an inviting atmosphere, perfect for outdoor adventures and tranquil moments by the sea."
Savusavu,Fiji,oceania,-16.7802184,179.3328955,135,26.675,10,6,10,4,6,8,8,4,7,27.8,28.0,27.6,27.4,26.5,25.6,25.3,25.0,25.8,26.5,27.0,27.6,kaggle_worldwide_travel_cities,"Tucked away on a tranquil bay, this tropical haven offers lush landscapes, warm ocean breezes, and a welcoming, laid-back island vibe."
Bristol,United Kingdom,europe,51.4538022,-2.5972985,135,11.35,4,8,6,8,8,6,6,8,7,5.4,6.4,8.0,9.7,13.1,15.9,17.8,17.3,15.1,11.9,8.7,6.9,kaggle_worldwide_travel_cities,Historic streets lined with vibrant street art and cozy pubs create a lively yet laid-back atmosphere perfect for leisurely exploration.
Rovaniemi,Finland,europe,66.5025657,25.73122,135,2.766666666666667,2,6,10,4,6,8,6,4,7,-10.3,-8.5,-3.5,1.2,8.0,14.5,17.2,14.5,9.1,2.0,-3.7,-7.3,kaggle_worldwide_travel_cities,"Snow-draped forests, cozy log cabins, and the ethereal dance of the Northern Lights create a magical winter wonderland experience."
Viña del Mar,Chile,south_america,-33.0244535,-71.5517636,135,13.758333333333331,8,6,8,8,8,6,6,8,7,17.1,16.9,16.0,13.8,12.2,11.8,10.3,11.2,12.1,13.0,14.7,16.0,kaggle_worldwide_travel_cities,"Ocean breezes, golden beaches, and vibrant gardens create a laid-back vibe, perfect for leisurely strolls and soaking in coastal beauty."
Nelson,New Zealand,oceania,-41.2710849,173.2836756,135,13.816666666666668,6,6,10,4,6,8,6,6,7,18.6,18.3,16.6,14.6,11.8,9.8,8.8,9.3,11.2,13.1,15.6,18.1,kaggle_worldwide_travel_cities,"Sun-drenched coastal charm with vibrant markets and lush vineyards invites a laid-back exploration of art, nature, and local flavors."
Maun,Botswana,africa,-19.9860951,23.4224352,135,24.14166666666667,2,6,10,4,6,10,6,4,7,26.6,26.1,25.3,23.6,20.7,17.7,17.5,21.4,25.3,29.3,28.7,27.5,kaggle_worldwide_travel_cities,"A gateway to the Okavango Delta, offering a serene blend of wildlife sounds, warm sunsets, and the gentle flow of the river."
Gothenburg,Sweden,europe,57.7072326,11.9670171,135,9.175,6,8,8,6,8,6,6,8,7,1.4,1.5,3.7,7.5,12.1,16.5,17.4,17.4,14.5,9.7,5.5,2.9,kaggle_worldwide_travel_cities,"A charming city with picturesque canals, lush parks, and a vibrant cultural scene, making every stroll feel both refreshing and inspiring."
Manchester,United Kingdom,europe,53.4794892,-2.2451148,135,10.433333333333334,2,8,4,8,8,4,6,8,7,4.7,5.7,6.4,8.9,12.4,15.3,16.6,16.3,14.1,11.1,7.5,6.2,kaggle_worldwide_travel_cities,"Industrial heritage meets modern creativity, where lively music scenes and diverse eateries fill the vibrant streets with energetic charm and cultural depth."
Copenhagen,Denmark,europe,55.6867243,12.5700724,135,10.225,4,10,6,8,8,4,6,10,7,2.6,2.9,5.3,7.8,12.8,17.3,18.1,18.4,15.4,10.9,6.8,4.4,kaggle_worldwide_travel_cities,"Charming canals, vibrant neighborhoods, and a seamless blend of modern design with historic architecture create a cozy yet dynamic atmosphere."
Sucre,Bolivia,south_america,-19.0477251,-65.2594306,70,15.566666666666668,2,8,6,4,6,6,4,4,7,15.4,15.4,15.7,15.9,14.5,14.3,12.5,16.2,17.3,16.7,16.5,16.4,kaggle_worldwide_travel_cities,"Whitewashed colonial buildings, vibrant plazas, and a laid-back atmosphere invite you to wander cobblestone streets and soak in the rich history."
